Copyright 1986-2022 Xilinx, Inc. All Rights Reserved. Copyright 2022-2023 Advanced Micro Devices, Inc. All Rights Reserved.
------------------------------------------------------------------------------------------------------------------------------------------------------------------------------------------------------------------------
| Tool Version : Vivado v.2023.2 (lin64) Build 4029153 Fri Oct 13 20:13:54 MDT 2023
| Date         : Mon Apr 28 14:37:20 2025
| Host         : 194e8c893525 running 64-bit Ubuntu 22.04.5 LTS
| Command      : report_timing_summary -max_paths 10 -report_unconstrained -file Main_Unit_timing_summary_routed.rpt -pb Main_Unit_timing_summary_routed.pb -rpx Main_Unit_timing_summary_routed.rpx -warn_on_violation
| Design       : Main_Unit
| Device       : 7a35t-cpg236
| Speed File   : -1  PRODUCTION 1.23 2018-06-13
| Design State : Routed
------------------------------------------------------------------------------------------------------------------------------------------------------------------------------------------------------------------------

Timing Summary Report

------------------------------------------------------------------------------------------------
| Timer Settings
| --------------
------------------------------------------------------------------------------------------------

  Enable Multi Corner Analysis               :  Yes
  Enable Pessimism Removal                   :  Yes
  Pessimism Removal Resolution               :  Nearest Common Node
  Enable Input Delay Default Clock           :  No
  Enable Preset / Clear Arcs                 :  No
  Disable Flight Delays                      :  No
  Ignore I/O Paths                           :  No
  Timing Early Launch at Borrowing Latches   :  No
  Borrow Time for Max Delay Exceptions       :  Yes
  Merge Timing Exceptions                    :  Yes
  Inter-SLR Compensation                     :  Conservative

  Corner  Analyze    Analyze    
  Name    Max Paths  Min Paths  
  ------  ---------  ---------  
  Slow    Yes        Yes        
  Fast    Yes        Yes        


------------------------------------------------------------------------------------------------
| Report Methodology
| ------------------
------------------------------------------------------------------------------------------------

Rule       Severity          Description                    Violations  
---------  ----------------  -----------------------------  ----------  
TIMING-17  Critical Warning  Non-clocked sequential cell    272         
LUTAR-1    Warning           LUT drives async reset alert   5           
TIMING-18  Warning           Missing input or output delay  12          

Note: This report is based on the most recent report_methodology run and may not be up-to-date. Run report_methodology on the current design for the latest report.



check_timing report

Table of Contents
-----------------
1. checking no_clock (346)
2. checking constant_clock (0)
3. checking pulse_width_clock (0)
4. checking unconstrained_internal_endpoints (639)
5. checking no_input_delay (4)
6. checking no_output_delay (11)
7. checking multiple_clock (0)
8. checking generated_clocks (0)
9. checking loops (0)
10. checking partial_input_delay (0)
11. checking partial_output_delay (0)
12. checking latch_loops (0)

1. checking no_clock (346)
--------------------------
 There are 51 register/latch pins with no clock driven by root clock pin: U02_UART/UART/RECEIVER/PRES/clk_prescaled_intern_reg/Q (HIGH)

 There are 15 register/latch pins with no clock driven by root clock pin: U02_UART/UART/TRANSMITTER/PRES/clk_prescaled_intern_reg/Q (HIGH)

 There are 9 register/latch pins with no clock driven by root clock pin: U04_TIME/TIMER/clk_prescaled_intern_reg/Q (HIGH)

 There are 57 register/latch pins with no clock driven by root clock pin: U04_TIME/clk_prescaled_intern_reg/Q (HIGH)

 There are 74 register/latch pins with no clock driven by root clock pin: U05_SPI/SPI/CLK_MAN/enable_clk_reg/Q (HIGH)

 There are 74 register/latch pins with no clock driven by root clock pin: U05_SPI/SPI/PRESCAL/clk_prescaled_intern_reg/Q (HIGH)

 There are 51 register/latch pins with no clock driven by root clock pin: UART_HOST/RECEIVER/PRES/clk_prescaled_intern_reg/Q (HIGH)

 There are 15 register/latch pins with no clock driven by root clock pin: UART_HOST/TRANSMITTER/PRES/clk_prescaled_intern_reg/Q (HIGH)


2. checking constant_clock (0)
------------------------------
 There are 0 register/latch pins with constant_clock.


3. checking pulse_width_clock (0)
---------------------------------
 There are 0 register/latch pins which need pulse_width check


4. checking unconstrained_internal_endpoints (639)
--------------------------------------------------
 There are 639 pins that are not constrained for maximum delay. (HIGH)

 There are 0 pins that are not constrained for maximum delay due to constant clock.


5. checking no_input_delay (4)
------------------------------
 There are 4 input ports with no input delay specified. (HIGH)

 There are 0 input ports with no input delay but user has a false path constraint.


6. checking no_output_delay (11)
--------------------------------
 There are 11 ports with no output delay specified. (HIGH)

 There are 0 ports with no output delay but user has a false path constraint

 There are 0 ports with no output delay but with a timing clock defined on it or propagating through it


7. checking multiple_clock (0)
------------------------------
 There are 0 register/latch pins with multiple clocks.


8. checking generated_clocks (0)
--------------------------------
 There are 0 generated clocks that are not connected to a clock source.


9. checking loops (0)
---------------------
 There are 0 combinational loops in the design.


10. checking partial_input_delay (0)
------------------------------------
 There are 0 input ports with partial input delay specified.


11. checking partial_output_delay (0)
-------------------------------------
 There are 0 ports with partial output delay specified.


12. checking latch_loops (0)
----------------------------
 There are 0 combinational latch loops in the design through latch input



------------------------------------------------------------------------------------------------
| Design Timing Summary
| ---------------------
------------------------------------------------------------------------------------------------

    WNS(ns)      TNS(ns)  TNS Failing Endpoints  TNS Total Endpoints      WHS(ns)      THS(ns)  THS Failing Endpoints  THS Total Endpoints     WPWS(ns)     TPWS(ns)  TPWS Failing Endpoints  TPWS Total Endpoints  
    -------      -------  ---------------------  -------------------      -------      -------  ---------------------  -------------------     --------     --------  ----------------------  --------------------  
     76.956        0.000                      0                 1215        0.020        0.000                      0                 1215       41.160        0.000                       0                   583  


All user specified timing constraints are met.


------------------------------------------------------------------------------------------------
| Clock Summary
| -------------
------------------------------------------------------------------------------------------------

Clock        Waveform(ns)       Period(ns)      Frequency(MHz)
-----        ------------       ----------      --------------
sys_clk_pin  {0.000 41.660}     83.330          12.000          


------------------------------------------------------------------------------------------------
| Intra Clock Table
| -----------------
------------------------------------------------------------------------------------------------

Clock             WNS(ns)      TNS(ns)  TNS Failing Endpoints  TNS Total Endpoints      WHS(ns)      THS(ns)  THS Failing Endpoints  THS Total Endpoints     WPWS(ns)     TPWS(ns)  TPWS Failing Endpoints  TPWS Total Endpoints  
-----             -------      -------  ---------------------  -------------------      -------      -------  ---------------------  -------------------     --------     --------  ----------------------  --------------------  
sys_clk_pin        76.956        0.000                      0                 1214        0.020        0.000                      0                 1214       41.160        0.000                       0                   583  


------------------------------------------------------------------------------------------------
| Inter Clock Table
| -----------------
------------------------------------------------------------------------------------------------

From Clock    To Clock          WNS(ns)      TNS(ns)  TNS Failing Endpoints  TNS Total Endpoints      WHS(ns)      THS(ns)  THS Failing Endpoints  THS Total Endpoints  
----------    --------          -------      -------  ---------------------  -------------------      -------      -------  ---------------------  -------------------  


------------------------------------------------------------------------------------------------
| Other Path Groups Table
| -----------------------
------------------------------------------------------------------------------------------------

Path Group         From Clock         To Clock               WNS(ns)      TNS(ns)  TNS Failing Endpoints  TNS Total Endpoints      WHS(ns)      THS(ns)  THS Failing Endpoints  THS Total Endpoints  
----------         ----------         --------               -------      -------  ---------------------  -------------------      -------      -------  ---------------------  -------------------  
**async_default**  sys_clk_pin        sys_clk_pin             78.324        0.000                      0                    1        1.607        0.000                      0                    1  


------------------------------------------------------------------------------------------------
| User Ignored Path Table
| -----------------------
------------------------------------------------------------------------------------------------

Path Group    From Clock    To Clock    
----------    ----------    --------    


------------------------------------------------------------------------------------------------
| Unconstrained Path Table
| ------------------------
------------------------------------------------------------------------------------------------

Path Group    From Clock    To Clock    
----------    ----------    --------    
(none)                                    
(none)        sys_clk_pin                 
(none)                      sys_clk_pin   


------------------------------------------------------------------------------------------------
| Timing Details
| --------------
------------------------------------------------------------------------------------------------


---------------------------------------------------------------------------------------------------
From Clock:  sys_clk_pin
  To Clock:  sys_clk_pin

Setup :            0  Failing Endpoints,  Worst Slack       76.956ns,  Total Violation        0.000ns
Hold  :            0  Failing Endpoints,  Worst Slack        0.020ns,  Total Violation        0.000ns
PW    :            0  Failing Endpoints,  Worst Slack       41.160ns,  Total Violation        0.000ns
---------------------------------------------------------------------------------------------------


Max Delay Paths
--------------------------------------------------------------------------------------
Slack (MET) :             76.956ns  (required time - arrival time)
  Source:                 U00_RST/rst_ext_pack_reg/C
                            (rising edge-triggered cell FDRE clocked by sys_clk_pin  {rise@0.000ns fall@41.660ns period=83.330ns})
  Destination:            U02_UART/UART/RECEIVER/PRES/counter_reg[0]/S
                            (rising edge-triggered cell FDSE clocked by sys_clk_pin  {rise@0.000ns fall@41.660ns period=83.330ns})
  Path Group:             sys_clk_pin
  Path Type:              Setup (Max at Slow Process Corner)
  Requirement:            83.330ns  (sys_clk_pin rise@83.330ns - sys_clk_pin rise@0.000ns)
  Data Path Delay:        5.801ns  (logic 0.704ns (12.135%)  route 5.097ns (87.865%))
  Logic Levels:           2  (LUT2=1 LUT3=1)
  Clock Path Skew:        -0.108ns (DCD - SCD + CPR)
    Destination Clock Delay (DCD):    4.809ns = ( 88.139 - 83.330 ) 
    Source Clock Delay      (SCD):    5.104ns
    Clock Pessimism Removal (CPR):    0.187ns
  Clock Uncertainty:      0.035ns  ((TSJ^2 + TIJ^2)^1/2 + DJ) / 2 + PE
    Total System Jitter     (TSJ):    0.071ns
    Total Input Jitter      (TIJ):    0.000ns
    Discrete Jitter          (DJ):    0.000ns
    Phase Error              (PE):    0.000ns

    Location             Delay type                Incr(ns)  Path(ns)    Netlist Resource(s)
  -------------------------------------------------------------------    -------------------
                         (clock sys_clk_pin rise edge)
                                                      0.000     0.000 r  
    L17                                               0.000     0.000 r  clk (IN)
                         net (fo=0)                   0.000     0.000    clk
    L17                  IBUF (Prop_ibuf_I_O)         1.476     1.476 r  clk_IBUF_inst/O
                         net (fo=1, routed)           1.972     3.448    clk_IBUF
    BUFGCTRL_X0Y1        BUFG (Prop_bufg_I_O)         0.096     3.544 r  clk_IBUF_BUFG_inst/O
                         net (fo=582, routed)         1.560     5.104    U00_RST/clk_IBUF_BUFG
    SLICE_X33Y36         FDRE                                         r  U00_RST/rst_ext_pack_reg/C
  -------------------------------------------------------------------    -------------------
    SLICE_X33Y36         FDRE (Prop_fdre_C_Q)         0.456     5.560 r  U00_RST/rst_ext_pack_reg/Q
                         net (fo=4, routed)           0.718     6.278    U00_RST/rst_unit
    SLICE_X37Y34         LUT2 (Prop_lut2_I1_O)        0.124     6.402 r  U00_RST/buffer_data_saved_i_2/O
                         net (fo=405, routed)         2.781     9.183    U02_UART/UART/RECEIVER/PRES/rst_ext_pack
    SLICE_X34Y45         LUT3 (Prop_lut3_I0_O)        0.124     9.307 r  U02_UART/UART/RECEIVER/PRES/counter[0]_i_1__2/O
                         net (fo=32, routed)          1.599    10.905    U02_UART/UART/RECEIVER/PRES/counter[0]_i_1__2_n_0
    SLICE_X40Y38         FDSE                                         r  U02_UART/UART/RECEIVER/PRES/counter_reg[0]/S
  -------------------------------------------------------------------    -------------------

                         (clock sys_clk_pin rise edge)
                                                     83.330    83.330 r  
    L17                                               0.000    83.330 r  clk (IN)
                         net (fo=0)                   0.000    83.330    clk
    L17                  IBUF (Prop_ibuf_I_O)         1.406    84.736 r  clk_IBUF_inst/O
                         net (fo=1, routed)           1.868    86.604    clk_IBUF
    BUFGCTRL_X0Y1        BUFG (Prop_bufg_I_O)         0.091    86.695 r  clk_IBUF_BUFG_inst/O
                         net (fo=582, routed)         1.444    88.139    U02_UART/UART/RECEIVER/PRES/clk_IBUF_BUFG
    SLICE_X40Y38         FDSE                                         r  U02_UART/UART/RECEIVER/PRES/counter_reg[0]/C
                         clock pessimism              0.187    88.326    
                         clock uncertainty           -0.035    88.291    
    SLICE_X40Y38         FDSE (Setup_fdse_C_S)       -0.429    87.862    U02_UART/UART/RECEIVER/PRES/counter_reg[0]
  -------------------------------------------------------------------
                         required time                         87.862    
                         arrival time                         -10.905    
  -------------------------------------------------------------------
                         slack                                 76.956    

Slack (MET) :             76.956ns  (required time - arrival time)
  Source:                 U00_RST/rst_ext_pack_reg/C
                            (rising edge-triggered cell FDRE clocked by sys_clk_pin  {rise@0.000ns fall@41.660ns period=83.330ns})
  Destination:            U02_UART/UART/RECEIVER/PRES/counter_reg[1]/R
                            (rising edge-triggered cell FDRE clocked by sys_clk_pin  {rise@0.000ns fall@41.660ns period=83.330ns})
  Path Group:             sys_clk_pin
  Path Type:              Setup (Max at Slow Process Corner)
  Requirement:            83.330ns  (sys_clk_pin rise@83.330ns - sys_clk_pin rise@0.000ns)
  Data Path Delay:        5.801ns  (logic 0.704ns (12.135%)  route 5.097ns (87.865%))
  Logic Levels:           2  (LUT2=1 LUT3=1)
  Clock Path Skew:        -0.108ns (DCD - SCD + CPR)
    Destination Clock Delay (DCD):    4.809ns = ( 88.139 - 83.330 ) 
    Source Clock Delay      (SCD):    5.104ns
    Clock Pessimism Removal (CPR):    0.187ns
  Clock Uncertainty:      0.035ns  ((TSJ^2 + TIJ^2)^1/2 + DJ) / 2 + PE
    Total System Jitter     (TSJ):    0.071ns
    Total Input Jitter      (TIJ):    0.000ns
    Discrete Jitter          (DJ):    0.000ns
    Phase Error              (PE):    0.000ns

    Location             Delay type                Incr(ns)  Path(ns)    Netlist Resource(s)
  -------------------------------------------------------------------    -------------------
                         (clock sys_clk_pin rise edge)
                                                      0.000     0.000 r  
    L17                                               0.000     0.000 r  clk (IN)
                         net (fo=0)                   0.000     0.000    clk
    L17                  IBUF (Prop_ibuf_I_O)         1.476     1.476 r  clk_IBUF_inst/O
                         net (fo=1, routed)           1.972     3.448    clk_IBUF
    BUFGCTRL_X0Y1        BUFG (Prop_bufg_I_O)         0.096     3.544 r  clk_IBUF_BUFG_inst/O
                         net (fo=582, routed)         1.560     5.104    U00_RST/clk_IBUF_BUFG
    SLICE_X33Y36         FDRE                                         r  U00_RST/rst_ext_pack_reg/C
  -------------------------------------------------------------------    -------------------
    SLICE_X33Y36         FDRE (Prop_fdre_C_Q)         0.456     5.560 r  U00_RST/rst_ext_pack_reg/Q
                         net (fo=4, routed)           0.718     6.278    U00_RST/rst_unit
    SLICE_X37Y34         LUT2 (Prop_lut2_I1_O)        0.124     6.402 r  U00_RST/buffer_data_saved_i_2/O
                         net (fo=405, routed)         2.781     9.183    U02_UART/UART/RECEIVER/PRES/rst_ext_pack
    SLICE_X34Y45         LUT3 (Prop_lut3_I0_O)        0.124     9.307 r  U02_UART/UART/RECEIVER/PRES/counter[0]_i_1__2/O
                         net (fo=32, routed)          1.599    10.905    U02_UART/UART/RECEIVER/PRES/counter[0]_i_1__2_n_0
    SLICE_X40Y38         FDRE                                         r  U02_UART/UART/RECEIVER/PRES/counter_reg[1]/R
  -------------------------------------------------------------------    -------------------

                         (clock sys_clk_pin rise edge)
                                                     83.330    83.330 r  
    L17                                               0.000    83.330 r  clk (IN)
                         net (fo=0)                   0.000    83.330    clk
    L17                  IBUF (Prop_ibuf_I_O)         1.406    84.736 r  clk_IBUF_inst/O
                         net (fo=1, routed)           1.868    86.604    clk_IBUF
    BUFGCTRL_X0Y1        BUFG (Prop_bufg_I_O)         0.091    86.695 r  clk_IBUF_BUFG_inst/O
                         net (fo=582, routed)         1.444    88.139    U02_UART/UART/RECEIVER/PRES/clk_IBUF_BUFG
    SLICE_X40Y38         FDRE                                         r  U02_UART/UART/RECEIVER/PRES/counter_reg[1]/C
                         clock pessimism              0.187    88.326    
                         clock uncertainty           -0.035    88.291    
    SLICE_X40Y38         FDRE (Setup_fdre_C_R)       -0.429    87.862    U02_UART/UART/RECEIVER/PRES/counter_reg[1]
  -------------------------------------------------------------------
                         required time                         87.862    
                         arrival time                         -10.905    
  -------------------------------------------------------------------
                         slack                                 76.956    

Slack (MET) :             76.956ns  (required time - arrival time)
  Source:                 U00_RST/rst_ext_pack_reg/C
                            (rising edge-triggered cell FDRE clocked by sys_clk_pin  {rise@0.000ns fall@41.660ns period=83.330ns})
  Destination:            U02_UART/UART/RECEIVER/PRES/counter_reg[2]/R
                            (rising edge-triggered cell FDRE clocked by sys_clk_pin  {rise@0.000ns fall@41.660ns period=83.330ns})
  Path Group:             sys_clk_pin
  Path Type:              Setup (Max at Slow Process Corner)
  Requirement:            83.330ns  (sys_clk_pin rise@83.330ns - sys_clk_pin rise@0.000ns)
  Data Path Delay:        5.801ns  (logic 0.704ns (12.135%)  route 5.097ns (87.865%))
  Logic Levels:           2  (LUT2=1 LUT3=1)
  Clock Path Skew:        -0.108ns (DCD - SCD + CPR)
    Destination Clock Delay (DCD):    4.809ns = ( 88.139 - 83.330 ) 
    Source Clock Delay      (SCD):    5.104ns
    Clock Pessimism Removal (CPR):    0.187ns
  Clock Uncertainty:      0.035ns  ((TSJ^2 + TIJ^2)^1/2 + DJ) / 2 + PE
    Total System Jitter     (TSJ):    0.071ns
    Total Input Jitter      (TIJ):    0.000ns
    Discrete Jitter          (DJ):    0.000ns
    Phase Error              (PE):    0.000ns

    Location             Delay type                Incr(ns)  Path(ns)    Netlist Resource(s)
  -------------------------------------------------------------------    -------------------
                         (clock sys_clk_pin rise edge)
                                                      0.000     0.000 r  
    L17                                               0.000     0.000 r  clk (IN)
                         net (fo=0)                   0.000     0.000    clk
    L17                  IBUF (Prop_ibuf_I_O)         1.476     1.476 r  clk_IBUF_inst/O
                         net (fo=1, routed)           1.972     3.448    clk_IBUF
    BUFGCTRL_X0Y1        BUFG (Prop_bufg_I_O)         0.096     3.544 r  clk_IBUF_BUFG_inst/O
                         net (fo=582, routed)         1.560     5.104    U00_RST/clk_IBUF_BUFG
    SLICE_X33Y36         FDRE                                         r  U00_RST/rst_ext_pack_reg/C
  -------------------------------------------------------------------    -------------------
    SLICE_X33Y36         FDRE (Prop_fdre_C_Q)         0.456     5.560 r  U00_RST/rst_ext_pack_reg/Q
                         net (fo=4, routed)           0.718     6.278    U00_RST/rst_unit
    SLICE_X37Y34         LUT2 (Prop_lut2_I1_O)        0.124     6.402 r  U00_RST/buffer_data_saved_i_2/O
                         net (fo=405, routed)         2.781     9.183    U02_UART/UART/RECEIVER/PRES/rst_ext_pack
    SLICE_X34Y45         LUT3 (Prop_lut3_I0_O)        0.124     9.307 r  U02_UART/UART/RECEIVER/PRES/counter[0]_i_1__2/O
                         net (fo=32, routed)          1.599    10.905    U02_UART/UART/RECEIVER/PRES/counter[0]_i_1__2_n_0
    SLICE_X40Y38         FDRE                                         r  U02_UART/UART/RECEIVER/PRES/counter_reg[2]/R
  -------------------------------------------------------------------    -------------------

                         (clock sys_clk_pin rise edge)
                                                     83.330    83.330 r  
    L17                                               0.000    83.330 r  clk (IN)
                         net (fo=0)                   0.000    83.330    clk
    L17                  IBUF (Prop_ibuf_I_O)         1.406    84.736 r  clk_IBUF_inst/O
                         net (fo=1, routed)           1.868    86.604    clk_IBUF
    BUFGCTRL_X0Y1        BUFG (Prop_bufg_I_O)         0.091    86.695 r  clk_IBUF_BUFG_inst/O
                         net (fo=582, routed)         1.444    88.139    U02_UART/UART/RECEIVER/PRES/clk_IBUF_BUFG
    SLICE_X40Y38         FDRE                                         r  U02_UART/UART/RECEIVER/PRES/counter_reg[2]/C
                         clock pessimism              0.187    88.326    
                         clock uncertainty           -0.035    88.291    
    SLICE_X40Y38         FDRE (Setup_fdre_C_R)       -0.429    87.862    U02_UART/UART/RECEIVER/PRES/counter_reg[2]
  -------------------------------------------------------------------
                         required time                         87.862    
                         arrival time                         -10.905    
  -------------------------------------------------------------------
                         slack                                 76.956    

Slack (MET) :             76.956ns  (required time - arrival time)
  Source:                 U00_RST/rst_ext_pack_reg/C
                            (rising edge-triggered cell FDRE clocked by sys_clk_pin  {rise@0.000ns fall@41.660ns period=83.330ns})
  Destination:            U02_UART/UART/RECEIVER/PRES/counter_reg[3]/R
                            (rising edge-triggered cell FDRE clocked by sys_clk_pin  {rise@0.000ns fall@41.660ns period=83.330ns})
  Path Group:             sys_clk_pin
  Path Type:              Setup (Max at Slow Process Corner)
  Requirement:            83.330ns  (sys_clk_pin rise@83.330ns - sys_clk_pin rise@0.000ns)
  Data Path Delay:        5.801ns  (logic 0.704ns (12.135%)  route 5.097ns (87.865%))
  Logic Levels:           2  (LUT2=1 LUT3=1)
  Clock Path Skew:        -0.108ns (DCD - SCD + CPR)
    Destination Clock Delay (DCD):    4.809ns = ( 88.139 - 83.330 ) 
    Source Clock Delay      (SCD):    5.104ns
    Clock Pessimism Removal (CPR):    0.187ns
  Clock Uncertainty:      0.035ns  ((TSJ^2 + TIJ^2)^1/2 + DJ) / 2 + PE
    Total System Jitter     (TSJ):    0.071ns
    Total Input Jitter      (TIJ):    0.000ns
    Discrete Jitter          (DJ):    0.000ns
    Phase Error              (PE):    0.000ns

    Location             Delay type                Incr(ns)  Path(ns)    Netlist Resource(s)
  -------------------------------------------------------------------    -------------------
                         (clock sys_clk_pin rise edge)
                                                      0.000     0.000 r  
    L17                                               0.000     0.000 r  clk (IN)
                         net (fo=0)                   0.000     0.000    clk
    L17                  IBUF (Prop_ibuf_I_O)         1.476     1.476 r  clk_IBUF_inst/O
                         net (fo=1, routed)           1.972     3.448    clk_IBUF
    BUFGCTRL_X0Y1        BUFG (Prop_bufg_I_O)         0.096     3.544 r  clk_IBUF_BUFG_inst/O
                         net (fo=582, routed)         1.560     5.104    U00_RST/clk_IBUF_BUFG
    SLICE_X33Y36         FDRE                                         r  U00_RST/rst_ext_pack_reg/C
  -------------------------------------------------------------------    -------------------
    SLICE_X33Y36         FDRE (Prop_fdre_C_Q)         0.456     5.560 r  U00_RST/rst_ext_pack_reg/Q
                         net (fo=4, routed)           0.718     6.278    U00_RST/rst_unit
    SLICE_X37Y34         LUT2 (Prop_lut2_I1_O)        0.124     6.402 r  U00_RST/buffer_data_saved_i_2/O
                         net (fo=405, routed)         2.781     9.183    U02_UART/UART/RECEIVER/PRES/rst_ext_pack
    SLICE_X34Y45         LUT3 (Prop_lut3_I0_O)        0.124     9.307 r  U02_UART/UART/RECEIVER/PRES/counter[0]_i_1__2/O
                         net (fo=32, routed)          1.599    10.905    U02_UART/UART/RECEIVER/PRES/counter[0]_i_1__2_n_0
    SLICE_X40Y38         FDRE                                         r  U02_UART/UART/RECEIVER/PRES/counter_reg[3]/R
  -------------------------------------------------------------------    -------------------

                         (clock sys_clk_pin rise edge)
                                                     83.330    83.330 r  
    L17                                               0.000    83.330 r  clk (IN)
                         net (fo=0)                   0.000    83.330    clk
    L17                  IBUF (Prop_ibuf_I_O)         1.406    84.736 r  clk_IBUF_inst/O
                         net (fo=1, routed)           1.868    86.604    clk_IBUF
    BUFGCTRL_X0Y1        BUFG (Prop_bufg_I_O)         0.091    86.695 r  clk_IBUF_BUFG_inst/O
                         net (fo=582, routed)         1.444    88.139    U02_UART/UART/RECEIVER/PRES/clk_IBUF_BUFG
    SLICE_X40Y38         FDRE                                         r  U02_UART/UART/RECEIVER/PRES/counter_reg[3]/C
                         clock pessimism              0.187    88.326    
                         clock uncertainty           -0.035    88.291    
    SLICE_X40Y38         FDRE (Setup_fdre_C_R)       -0.429    87.862    U02_UART/UART/RECEIVER/PRES/counter_reg[3]
  -------------------------------------------------------------------
                         required time                         87.862    
                         arrival time                         -10.905    
  -------------------------------------------------------------------
                         slack                                 76.956    

Slack (MET) :             77.231ns  (required time - arrival time)
  Source:                 U04_TIME/prescale_counter_reg[2]/C
                            (rising edge-triggered cell FDRE clocked by sys_clk_pin  {rise@0.000ns fall@41.660ns period=83.330ns})
  Destination:            U04_TIME/prescale_counter_reg[10]/R
                            (rising edge-triggered cell FDRE clocked by sys_clk_pin  {rise@0.000ns fall@41.660ns period=83.330ns})
  Path Group:             sys_clk_pin
  Path Type:              Setup (Max at Slow Process Corner)
  Requirement:            83.330ns  (sys_clk_pin rise@83.330ns - sys_clk_pin rise@0.000ns)
  Data Path Delay:        5.611ns  (logic 1.596ns (28.445%)  route 4.015ns (71.555%))
  Logic Levels:           6  (CARRY4=4 LUT2=2)
  Clock Path Skew:        -0.024ns (DCD - SCD + CPR)
    Destination Clock Delay (DCD):    4.806ns = ( 88.136 - 83.330 ) 
    Source Clock Delay      (SCD):    5.104ns
    Clock Pessimism Removal (CPR):    0.274ns
  Clock Uncertainty:      0.035ns  ((TSJ^2 + TIJ^2)^1/2 + DJ) / 2 + PE
    Total System Jitter     (TSJ):    0.071ns
    Total Input Jitter      (TIJ):    0.000ns
    Discrete Jitter          (DJ):    0.000ns
    Phase Error              (PE):    0.000ns

    Location             Delay type                Incr(ns)  Path(ns)    Netlist Resource(s)
  -------------------------------------------------------------------    -------------------
                         (clock sys_clk_pin rise edge)
                                                      0.000     0.000 r  
    L17                                               0.000     0.000 r  clk (IN)
                         net (fo=0)                   0.000     0.000    clk
    L17                  IBUF (Prop_ibuf_I_O)         1.476     1.476 r  clk_IBUF_inst/O
                         net (fo=1, routed)           1.972     3.448    clk_IBUF
    BUFGCTRL_X0Y1        BUFG (Prop_bufg_I_O)         0.096     3.544 r  clk_IBUF_BUFG_inst/O
                         net (fo=582, routed)         1.560     5.104    U04_TIME/clk_IBUF_BUFG
    SLICE_X37Y35         FDRE                                         r  U04_TIME/prescale_counter_reg[2]/C
  -------------------------------------------------------------------    -------------------
    SLICE_X37Y35         FDRE (Prop_fdre_C_Q)         0.456     5.560 f  U04_TIME/prescale_counter_reg[2]/Q
                         net (fo=3, routed)           0.952     6.512    U04_TIME/prescale_counter_reg[2]
    SLICE_X36Y38         LUT2 (Prop_lut2_I1_O)        0.124     6.636 r  U04_TIME/clk0_carry_i_4/O
                         net (fo=1, routed)           0.000     6.636    U04_TIME/clk0_carry_i_4_n_0
    SLICE_X36Y38         CARRY4 (Prop_carry4_S[1]_CO[3])
                                                      0.550     7.186 r  U04_TIME/clk0_carry/CO[3]
                         net (fo=1, routed)           0.000     7.186    U04_TIME/clk0_carry_n_0
    SLICE_X36Y39         CARRY4 (Prop_carry4_CI_CO[3])
                                                      0.114     7.300 r  U04_TIME/clk0_carry__0/CO[3]
                         net (fo=1, routed)           0.000     7.300    U04_TIME/clk0_carry__0_n_0
    SLICE_X36Y40         CARRY4 (Prop_carry4_CI_CO[3])
                                                      0.114     7.414 r  U04_TIME/clk0_carry__1/CO[3]
                         net (fo=1, routed)           0.000     7.414    U04_TIME/clk0_carry__1_n_0
    SLICE_X36Y41         CARRY4 (Prop_carry4_CI_CO[3])
                                                      0.114     7.528 r  U04_TIME/clk0_carry__2/CO[3]
                         net (fo=2, routed)           1.708     9.236    U00_RST/prescale_counter_reg[0][0]
    SLICE_X38Y35         LUT2 (Prop_lut2_I1_O)        0.124     9.360 r  U00_RST/prescale_counter[0]_i_1/O
                         net (fo=32, routed)          1.355    10.715    U04_TIME/clear
    SLICE_X37Y37         FDRE                                         r  U04_TIME/prescale_counter_reg[10]/R
  -------------------------------------------------------------------    -------------------

                         (clock sys_clk_pin rise edge)
                                                     83.330    83.330 r  
    L17                                               0.000    83.330 r  clk (IN)
                         net (fo=0)                   0.000    83.330    clk
    L17                  IBUF (Prop_ibuf_I_O)         1.406    84.736 r  clk_IBUF_inst/O
                         net (fo=1, routed)           1.868    86.604    clk_IBUF
    BUFGCTRL_X0Y1        BUFG (Prop_bufg_I_O)         0.091    86.695 r  clk_IBUF_BUFG_inst/O
                         net (fo=582, routed)         1.441    88.136    U04_TIME/clk_IBUF_BUFG
    SLICE_X37Y37         FDRE                                         r  U04_TIME/prescale_counter_reg[10]/C
                         clock pessimism              0.274    88.410    
                         clock uncertainty           -0.035    88.375    
    SLICE_X37Y37         FDRE (Setup_fdre_C_R)       -0.429    87.946    U04_TIME/prescale_counter_reg[10]
  -------------------------------------------------------------------
                         required time                         87.946    
                         arrival time                         -10.715    
  -------------------------------------------------------------------
                         slack                                 77.231    

Slack (MET) :             77.231ns  (required time - arrival time)
  Source:                 U04_TIME/prescale_counter_reg[2]/C
                            (rising edge-triggered cell FDRE clocked by sys_clk_pin  {rise@0.000ns fall@41.660ns period=83.330ns})
  Destination:            U04_TIME/prescale_counter_reg[11]/R
                            (rising edge-triggered cell FDRE clocked by sys_clk_pin  {rise@0.000ns fall@41.660ns period=83.330ns})
  Path Group:             sys_clk_pin
  Path Type:              Setup (Max at Slow Process Corner)
  Requirement:            83.330ns  (sys_clk_pin rise@83.330ns - sys_clk_pin rise@0.000ns)
  Data Path Delay:        5.611ns  (logic 1.596ns (28.445%)  route 4.015ns (71.555%))
  Logic Levels:           6  (CARRY4=4 LUT2=2)
  Clock Path Skew:        -0.024ns (DCD - SCD + CPR)
    Destination Clock Delay (DCD):    4.806ns = ( 88.136 - 83.330 ) 
    Source Clock Delay      (SCD):    5.104ns
    Clock Pessimism Removal (CPR):    0.274ns
  Clock Uncertainty:      0.035ns  ((TSJ^2 + TIJ^2)^1/2 + DJ) / 2 + PE
    Total System Jitter     (TSJ):    0.071ns
    Total Input Jitter      (TIJ):    0.000ns
    Discrete Jitter          (DJ):    0.000ns
    Phase Error              (PE):    0.000ns

    Location             Delay type                Incr(ns)  Path(ns)    Netlist Resource(s)
  -------------------------------------------------------------------    -------------------
                         (clock sys_clk_pin rise edge)
                                                      0.000     0.000 r  
    L17                                               0.000     0.000 r  clk (IN)
                         net (fo=0)                   0.000     0.000    clk
    L17                  IBUF (Prop_ibuf_I_O)         1.476     1.476 r  clk_IBUF_inst/O
                         net (fo=1, routed)           1.972     3.448    clk_IBUF
    BUFGCTRL_X0Y1        BUFG (Prop_bufg_I_O)         0.096     3.544 r  clk_IBUF_BUFG_inst/O
                         net (fo=582, routed)         1.560     5.104    U04_TIME/clk_IBUF_BUFG
    SLICE_X37Y35         FDRE                                         r  U04_TIME/prescale_counter_reg[2]/C
  -------------------------------------------------------------------    -------------------
    SLICE_X37Y35         FDRE (Prop_fdre_C_Q)         0.456     5.560 f  U04_TIME/prescale_counter_reg[2]/Q
                         net (fo=3, routed)           0.952     6.512    U04_TIME/prescale_counter_reg[2]
    SLICE_X36Y38         LUT2 (Prop_lut2_I1_O)        0.124     6.636 r  U04_TIME/clk0_carry_i_4/O
                         net (fo=1, routed)           0.000     6.636    U04_TIME/clk0_carry_i_4_n_0
    SLICE_X36Y38         CARRY4 (Prop_carry4_S[1]_CO[3])
                                                      0.550     7.186 r  U04_TIME/clk0_carry/CO[3]
                         net (fo=1, routed)           0.000     7.186    U04_TIME/clk0_carry_n_0
    SLICE_X36Y39         CARRY4 (Prop_carry4_CI_CO[3])
                                                      0.114     7.300 r  U04_TIME/clk0_carry__0/CO[3]
                         net (fo=1, routed)           0.000     7.300    U04_TIME/clk0_carry__0_n_0
    SLICE_X36Y40         CARRY4 (Prop_carry4_CI_CO[3])
                                                      0.114     7.414 r  U04_TIME/clk0_carry__1/CO[3]
                         net (fo=1, routed)           0.000     7.414    U04_TIME/clk0_carry__1_n_0
    SLICE_X36Y41         CARRY4 (Prop_carry4_CI_CO[3])
                                                      0.114     7.528 r  U04_TIME/clk0_carry__2/CO[3]
                         net (fo=2, routed)           1.708     9.236    U00_RST/prescale_counter_reg[0][0]
    SLICE_X38Y35         LUT2 (Prop_lut2_I1_O)        0.124     9.360 r  U00_RST/prescale_counter[0]_i_1/O
                         net (fo=32, routed)          1.355    10.715    U04_TIME/clear
    SLICE_X37Y37         FDRE                                         r  U04_TIME/prescale_counter_reg[11]/R
  -------------------------------------------------------------------    -------------------

                         (clock sys_clk_pin rise edge)
                                                     83.330    83.330 r  
    L17                                               0.000    83.330 r  clk (IN)
                         net (fo=0)                   0.000    83.330    clk
    L17                  IBUF (Prop_ibuf_I_O)         1.406    84.736 r  clk_IBUF_inst/O
                         net (fo=1, routed)           1.868    86.604    clk_IBUF
    BUFGCTRL_X0Y1        BUFG (Prop_bufg_I_O)         0.091    86.695 r  clk_IBUF_BUFG_inst/O
                         net (fo=582, routed)         1.441    88.136    U04_TIME/clk_IBUF_BUFG
    SLICE_X37Y37         FDRE                                         r  U04_TIME/prescale_counter_reg[11]/C
                         clock pessimism              0.274    88.410    
                         clock uncertainty           -0.035    88.375    
    SLICE_X37Y37         FDRE (Setup_fdre_C_R)       -0.429    87.946    U04_TIME/prescale_counter_reg[11]
  -------------------------------------------------------------------
                         required time                         87.946    
                         arrival time                         -10.715    
  -------------------------------------------------------------------
                         slack                                 77.231    

Slack (MET) :             77.231ns  (required time - arrival time)
  Source:                 U04_TIME/prescale_counter_reg[2]/C
                            (rising edge-triggered cell FDRE clocked by sys_clk_pin  {rise@0.000ns fall@41.660ns period=83.330ns})
  Destination:            U04_TIME/prescale_counter_reg[8]/R
                            (rising edge-triggered cell FDRE clocked by sys_clk_pin  {rise@0.000ns fall@41.660ns period=83.330ns})
  Path Group:             sys_clk_pin
  Path Type:              Setup (Max at Slow Process Corner)
  Requirement:            83.330ns  (sys_clk_pin rise@83.330ns - sys_clk_pin rise@0.000ns)
  Data Path Delay:        5.611ns  (logic 1.596ns (28.445%)  route 4.015ns (71.555%))
  Logic Levels:           6  (CARRY4=4 LUT2=2)
  Clock Path Skew:        -0.024ns (DCD - SCD + CPR)
    Destination Clock Delay (DCD):    4.806ns = ( 88.136 - 83.330 ) 
    Source Clock Delay      (SCD):    5.104ns
    Clock Pessimism Removal (CPR):    0.274ns
  Clock Uncertainty:      0.035ns  ((TSJ^2 + TIJ^2)^1/2 + DJ) / 2 + PE
    Total System Jitter     (TSJ):    0.071ns
    Total Input Jitter      (TIJ):    0.000ns
    Discrete Jitter          (DJ):    0.000ns
    Phase Error              (PE):    0.000ns

    Location             Delay type                Incr(ns)  Path(ns)    Netlist Resource(s)
  -------------------------------------------------------------------    -------------------
                         (clock sys_clk_pin rise edge)
                                                      0.000     0.000 r  
    L17                                               0.000     0.000 r  clk (IN)
                         net (fo=0)                   0.000     0.000    clk
    L17                  IBUF (Prop_ibuf_I_O)         1.476     1.476 r  clk_IBUF_inst/O
                         net (fo=1, routed)           1.972     3.448    clk_IBUF
    BUFGCTRL_X0Y1        BUFG (Prop_bufg_I_O)         0.096     3.544 r  clk_IBUF_BUFG_inst/O
                         net (fo=582, routed)         1.560     5.104    U04_TIME/clk_IBUF_BUFG
    SLICE_X37Y35         FDRE                                         r  U04_TIME/prescale_counter_reg[2]/C
  -------------------------------------------------------------------    -------------------
    SLICE_X37Y35         FDRE (Prop_fdre_C_Q)         0.456     5.560 f  U04_TIME/prescale_counter_reg[2]/Q
                         net (fo=3, routed)           0.952     6.512    U04_TIME/prescale_counter_reg[2]
    SLICE_X36Y38         LUT2 (Prop_lut2_I1_O)        0.124     6.636 r  U04_TIME/clk0_carry_i_4/O
                         net (fo=1, routed)           0.000     6.636    U04_TIME/clk0_carry_i_4_n_0
    SLICE_X36Y38         CARRY4 (Prop_carry4_S[1]_CO[3])
                                                      0.550     7.186 r  U04_TIME/clk0_carry/CO[3]
                         net (fo=1, routed)           0.000     7.186    U04_TIME/clk0_carry_n_0
    SLICE_X36Y39         CARRY4 (Prop_carry4_CI_CO[3])
                                                      0.114     7.300 r  U04_TIME/clk0_carry__0/CO[3]
                         net (fo=1, routed)           0.000     7.300    U04_TIME/clk0_carry__0_n_0
    SLICE_X36Y40         CARRY4 (Prop_carry4_CI_CO[3])
                                                      0.114     7.414 r  U04_TIME/clk0_carry__1/CO[3]
                         net (fo=1, routed)           0.000     7.414    U04_TIME/clk0_carry__1_n_0
    SLICE_X36Y41         CARRY4 (Prop_carry4_CI_CO[3])
                                                      0.114     7.528 r  U04_TIME/clk0_carry__2/CO[3]
                         net (fo=2, routed)           1.708     9.236    U00_RST/prescale_counter_reg[0][0]
    SLICE_X38Y35         LUT2 (Prop_lut2_I1_O)        0.124     9.360 r  U00_RST/prescale_counter[0]_i_1/O
                         net (fo=32, routed)          1.355    10.715    U04_TIME/clear
    SLICE_X37Y37         FDRE                                         r  U04_TIME/prescale_counter_reg[8]/R
  -------------------------------------------------------------------    -------------------

                         (clock sys_clk_pin rise edge)
                                                     83.330    83.330 r  
    L17                                               0.000    83.330 r  clk (IN)
                         net (fo=0)                   0.000    83.330    clk
    L17                  IBUF (Prop_ibuf_I_O)         1.406    84.736 r  clk_IBUF_inst/O
                         net (fo=1, routed)           1.868    86.604    clk_IBUF
    BUFGCTRL_X0Y1        BUFG (Prop_bufg_I_O)         0.091    86.695 r  clk_IBUF_BUFG_inst/O
                         net (fo=582, routed)         1.441    88.136    U04_TIME/clk_IBUF_BUFG
    SLICE_X37Y37         FDRE                                         r  U04_TIME/prescale_counter_reg[8]/C
                         clock pessimism              0.274    88.410    
                         clock uncertainty           -0.035    88.375    
    SLICE_X37Y37         FDRE (Setup_fdre_C_R)       -0.429    87.946    U04_TIME/prescale_counter_reg[8]
  -------------------------------------------------------------------
                         required time                         87.946    
                         arrival time                         -10.715    
  -------------------------------------------------------------------
                         slack                                 77.231    

Slack (MET) :             77.231ns  (required time - arrival time)
  Source:                 U04_TIME/prescale_counter_reg[2]/C
                            (rising edge-triggered cell FDRE clocked by sys_clk_pin  {rise@0.000ns fall@41.660ns period=83.330ns})
  Destination:            U04_TIME/prescale_counter_reg[9]/R
                            (rising edge-triggered cell FDRE clocked by sys_clk_pin  {rise@0.000ns fall@41.660ns period=83.330ns})
  Path Group:             sys_clk_pin
  Path Type:              Setup (Max at Slow Process Corner)
  Requirement:            83.330ns  (sys_clk_pin rise@83.330ns - sys_clk_pin rise@0.000ns)
  Data Path Delay:        5.611ns  (logic 1.596ns (28.445%)  route 4.015ns (71.555%))
  Logic Levels:           6  (CARRY4=4 LUT2=2)
  Clock Path Skew:        -0.024ns (DCD - SCD + CPR)
    Destination Clock Delay (DCD):    4.806ns = ( 88.136 - 83.330 ) 
    Source Clock Delay      (SCD):    5.104ns
    Clock Pessimism Removal (CPR):    0.274ns
  Clock Uncertainty:      0.035ns  ((TSJ^2 + TIJ^2)^1/2 + DJ) / 2 + PE
    Total System Jitter     (TSJ):    0.071ns
    Total Input Jitter      (TIJ):    0.000ns
    Discrete Jitter          (DJ):    0.000ns
    Phase Error              (PE):    0.000ns

    Location             Delay type                Incr(ns)  Path(ns)    Netlist Resource(s)
  -------------------------------------------------------------------    -------------------
                         (clock sys_clk_pin rise edge)
                                                      0.000     0.000 r  
    L17                                               0.000     0.000 r  clk (IN)
                         net (fo=0)                   0.000     0.000    clk
    L17                  IBUF (Prop_ibuf_I_O)         1.476     1.476 r  clk_IBUF_inst/O
                         net (fo=1, routed)           1.972     3.448    clk_IBUF
    BUFGCTRL_X0Y1        BUFG (Prop_bufg_I_O)         0.096     3.544 r  clk_IBUF_BUFG_inst/O
                         net (fo=582, routed)         1.560     5.104    U04_TIME/clk_IBUF_BUFG
    SLICE_X37Y35         FDRE                                         r  U04_TIME/prescale_counter_reg[2]/C
  -------------------------------------------------------------------    -------------------
    SLICE_X37Y35         FDRE (Prop_fdre_C_Q)         0.456     5.560 f  U04_TIME/prescale_counter_reg[2]/Q
                         net (fo=3, routed)           0.952     6.512    U04_TIME/prescale_counter_reg[2]
    SLICE_X36Y38         LUT2 (Prop_lut2_I1_O)        0.124     6.636 r  U04_TIME/clk0_carry_i_4/O
                         net (fo=1, routed)           0.000     6.636    U04_TIME/clk0_carry_i_4_n_0
    SLICE_X36Y38         CARRY4 (Prop_carry4_S[1]_CO[3])
                                                      0.550     7.186 r  U04_TIME/clk0_carry/CO[3]
                         net (fo=1, routed)           0.000     7.186    U04_TIME/clk0_carry_n_0
    SLICE_X36Y39         CARRY4 (Prop_carry4_CI_CO[3])
                                                      0.114     7.300 r  U04_TIME/clk0_carry__0/CO[3]
                         net (fo=1, routed)           0.000     7.300    U04_TIME/clk0_carry__0_n_0
    SLICE_X36Y40         CARRY4 (Prop_carry4_CI_CO[3])
                                                      0.114     7.414 r  U04_TIME/clk0_carry__1/CO[3]
                         net (fo=1, routed)           0.000     7.414    U04_TIME/clk0_carry__1_n_0
    SLICE_X36Y41         CARRY4 (Prop_carry4_CI_CO[3])
                                                      0.114     7.528 r  U04_TIME/clk0_carry__2/CO[3]
                         net (fo=2, routed)           1.708     9.236    U00_RST/prescale_counter_reg[0][0]
    SLICE_X38Y35         LUT2 (Prop_lut2_I1_O)        0.124     9.360 r  U00_RST/prescale_counter[0]_i_1/O
                         net (fo=32, routed)          1.355    10.715    U04_TIME/clear
    SLICE_X37Y37         FDRE                                         r  U04_TIME/prescale_counter_reg[9]/R
  -------------------------------------------------------------------    -------------------

                         (clock sys_clk_pin rise edge)
                                                     83.330    83.330 r  
    L17                                               0.000    83.330 r  clk (IN)
                         net (fo=0)                   0.000    83.330    clk
    L17                  IBUF (Prop_ibuf_I_O)         1.406    84.736 r  clk_IBUF_inst/O
                         net (fo=1, routed)           1.868    86.604    clk_IBUF
    BUFGCTRL_X0Y1        BUFG (Prop_bufg_I_O)         0.091    86.695 r  clk_IBUF_BUFG_inst/O
                         net (fo=582, routed)         1.441    88.136    U04_TIME/clk_IBUF_BUFG
    SLICE_X37Y37         FDRE                                         r  U04_TIME/prescale_counter_reg[9]/C
                         clock pessimism              0.274    88.410    
                         clock uncertainty           -0.035    88.375    
    SLICE_X37Y37         FDRE (Setup_fdre_C_R)       -0.429    87.946    U04_TIME/prescale_counter_reg[9]
  -------------------------------------------------------------------
                         required time                         87.946    
                         arrival time                         -10.715    
  -------------------------------------------------------------------
                         slack                                 77.231    

Slack (MET) :             77.240ns  (required time - arrival time)
  Source:                 U00_RST/rst_ext_pack_reg/C
                            (rising edge-triggered cell FDRE clocked by sys_clk_pin  {rise@0.000ns fall@41.660ns period=83.330ns})
  Destination:            UART_HOST/RECEIVER/PRES/counter_reg[0]/S
                            (rising edge-triggered cell FDSE clocked by sys_clk_pin  {rise@0.000ns fall@41.660ns period=83.330ns})
  Path Group:             sys_clk_pin
  Path Type:              Setup (Max at Slow Process Corner)
  Requirement:            83.330ns  (sys_clk_pin rise@83.330ns - sys_clk_pin rise@0.000ns)
  Data Path Delay:        5.380ns  (logic 0.732ns (13.606%)  route 4.648ns (86.394%))
  Logic Levels:           2  (LUT2=1 LUT3=1)
  Clock Path Skew:        -0.022ns (DCD - SCD + CPR)
    Destination Clock Delay (DCD):    4.808ns = ( 88.138 - 83.330 ) 
    Source Clock Delay      (SCD):    5.104ns
    Clock Pessimism Removal (CPR):    0.274ns
  Clock Uncertainty:      0.035ns  ((TSJ^2 + TIJ^2)^1/2 + DJ) / 2 + PE
    Total System Jitter     (TSJ):    0.071ns
    Total Input Jitter      (TIJ):    0.000ns
    Discrete Jitter          (DJ):    0.000ns
    Phase Error              (PE):    0.000ns

    Location             Delay type                Incr(ns)  Path(ns)    Netlist Resource(s)
  -------------------------------------------------------------------    -------------------
                         (clock sys_clk_pin rise edge)
                                                      0.000     0.000 r  
    L17                                               0.000     0.000 r  clk (IN)
                         net (fo=0)                   0.000     0.000    clk
    L17                  IBUF (Prop_ibuf_I_O)         1.476     1.476 r  clk_IBUF_inst/O
                         net (fo=1, routed)           1.972     3.448    clk_IBUF
    BUFGCTRL_X0Y1        BUFG (Prop_bufg_I_O)         0.096     3.544 r  clk_IBUF_BUFG_inst/O
                         net (fo=582, routed)         1.560     5.104    U00_RST/clk_IBUF_BUFG
    SLICE_X33Y36         FDRE                                         r  U00_RST/rst_ext_pack_reg/C
  -------------------------------------------------------------------    -------------------
    SLICE_X33Y36         FDRE (Prop_fdre_C_Q)         0.456     5.560 r  U00_RST/rst_ext_pack_reg/Q
                         net (fo=4, routed)           0.718     6.278    U00_RST/rst_unit
    SLICE_X37Y34         LUT2 (Prop_lut2_I1_O)        0.124     6.402 r  U00_RST/buffer_data_saved_i_2/O
                         net (fo=405, routed)         2.781     9.183    UART_HOST/RECEIVER/PRES/rst_ext_pack
    SLICE_X34Y45         LUT3 (Prop_lut3_I0_O)        0.152     9.335 r  UART_HOST/RECEIVER/PRES/counter[0]_i_1__0/O
                         net (fo=32, routed)          1.149    10.484    UART_HOST/RECEIVER/PRES/counter[0]_i_1__0_n_0
    SLICE_X32Y40         FDSE                                         r  UART_HOST/RECEIVER/PRES/counter_reg[0]/S
  -------------------------------------------------------------------    -------------------

                         (clock sys_clk_pin rise edge)
                                                     83.330    83.330 r  
    L17                                               0.000    83.330 r  clk (IN)
                         net (fo=0)                   0.000    83.330    clk
    L17                  IBUF (Prop_ibuf_I_O)         1.406    84.736 r  clk_IBUF_inst/O
                         net (fo=1, routed)           1.868    86.604    clk_IBUF
    BUFGCTRL_X0Y1        BUFG (Prop_bufg_I_O)         0.091    86.695 r  clk_IBUF_BUFG_inst/O
                         net (fo=582, routed)         1.443    88.138    UART_HOST/RECEIVER/PRES/clk_IBUF_BUFG
    SLICE_X32Y40         FDSE                                         r  UART_HOST/RECEIVER/PRES/counter_reg[0]/C
                         clock pessimism              0.274    88.412    
                         clock uncertainty           -0.035    88.377    
    SLICE_X32Y40         FDSE (Setup_fdse_C_S)       -0.653    87.724    UART_HOST/RECEIVER/PRES/counter_reg[0]
  -------------------------------------------------------------------
                         required time                         87.724    
                         arrival time                         -10.484    
  -------------------------------------------------------------------
                         slack                                 77.240    

Slack (MET) :             77.240ns  (required time - arrival time)
  Source:                 U00_RST/rst_ext_pack_reg/C
                            (rising edge-triggered cell FDRE clocked by sys_clk_pin  {rise@0.000ns fall@41.660ns period=83.330ns})
  Destination:            UART_HOST/RECEIVER/PRES/counter_reg[1]/R
                            (rising edge-triggered cell FDRE clocked by sys_clk_pin  {rise@0.000ns fall@41.660ns period=83.330ns})
  Path Group:             sys_clk_pin
  Path Type:              Setup (Max at Slow Process Corner)
  Requirement:            83.330ns  (sys_clk_pin rise@83.330ns - sys_clk_pin rise@0.000ns)
  Data Path Delay:        5.380ns  (logic 0.732ns (13.606%)  route 4.648ns (86.394%))
  Logic Levels:           2  (LUT2=1 LUT3=1)
  Clock Path Skew:        -0.022ns (DCD - SCD + CPR)
    Destination Clock Delay (DCD):    4.808ns = ( 88.138 - 83.330 ) 
    Source Clock Delay      (SCD):    5.104ns
    Clock Pessimism Removal (CPR):    0.274ns
  Clock Uncertainty:      0.035ns  ((TSJ^2 + TIJ^2)^1/2 + DJ) / 2 + PE
    Total System Jitter     (TSJ):    0.071ns
    Total Input Jitter      (TIJ):    0.000ns
    Discrete Jitter          (DJ):    0.000ns
    Phase Error              (PE):    0.000ns

    Location             Delay type                Incr(ns)  Path(ns)    Netlist Resource(s)
  -------------------------------------------------------------------    -------------------
                         (clock sys_clk_pin rise edge)
                                                      0.000     0.000 r  
    L17                                               0.000     0.000 r  clk (IN)
                         net (fo=0)                   0.000     0.000    clk
    L17                  IBUF (Prop_ibuf_I_O)         1.476     1.476 r  clk_IBUF_inst/O
                         net (fo=1, routed)           1.972     3.448    clk_IBUF
    BUFGCTRL_X0Y1        BUFG (Prop_bufg_I_O)         0.096     3.544 r  clk_IBUF_BUFG_inst/O
                         net (fo=582, routed)         1.560     5.104    U00_RST/clk_IBUF_BUFG
    SLICE_X33Y36         FDRE                                         r  U00_RST/rst_ext_pack_reg/C
  -------------------------------------------------------------------    -------------------
    SLICE_X33Y36         FDRE (Prop_fdre_C_Q)         0.456     5.560 r  U00_RST/rst_ext_pack_reg/Q
                         net (fo=4, routed)           0.718     6.278    U00_RST/rst_unit
    SLICE_X37Y34         LUT2 (Prop_lut2_I1_O)        0.124     6.402 r  U00_RST/buffer_data_saved_i_2/O
                         net (fo=405, routed)         2.781     9.183    UART_HOST/RECEIVER/PRES/rst_ext_pack
    SLICE_X34Y45         LUT3 (Prop_lut3_I0_O)        0.152     9.335 r  UART_HOST/RECEIVER/PRES/counter[0]_i_1__0/O
                         net (fo=32, routed)          1.149    10.484    UART_HOST/RECEIVER/PRES/counter[0]_i_1__0_n_0
    SLICE_X32Y40         FDRE                                         r  UART_HOST/RECEIVER/PRES/counter_reg[1]/R
  -------------------------------------------------------------------    -------------------

                         (clock sys_clk_pin rise edge)
                                                     83.330    83.330 r  
    L17                                               0.000    83.330 r  clk (IN)
                         net (fo=0)                   0.000    83.330    clk
    L17                  IBUF (Prop_ibuf_I_O)         1.406    84.736 r  clk_IBUF_inst/O
                         net (fo=1, routed)           1.868    86.604    clk_IBUF
    BUFGCTRL_X0Y1        BUFG (Prop_bufg_I_O)         0.091    86.695 r  clk_IBUF_BUFG_inst/O
                         net (fo=582, routed)         1.443    88.138    UART_HOST/RECEIVER/PRES/clk_IBUF_BUFG
    SLICE_X32Y40         FDRE                                         r  UART_HOST/RECEIVER/PRES/counter_reg[1]/C
                         clock pessimism              0.274    88.412    
                         clock uncertainty           -0.035    88.377    
    SLICE_X32Y40         FDRE (Setup_fdre_C_R)       -0.653    87.724    UART_HOST/RECEIVER/PRES/counter_reg[1]
  -------------------------------------------------------------------
                         required time                         87.724    
                         arrival time                         -10.484    
  -------------------------------------------------------------------
                         slack                                 77.240    





Min Delay Paths
--------------------------------------------------------------------------------------
Slack (MET) :             0.020ns  (arrival time - required time)
  Source:                 U05_SPI/error_from_host_reg/C
                            (rising edge-triggered cell FDRE clocked by sys_clk_pin  {rise@0.000ns fall@41.660ns period=83.330ns})
  Destination:            U01_ERR/is_error_present_from_host_reg/D
                            (rising edge-triggered cell FDRE clocked by sys_clk_pin  {rise@0.000ns fall@41.660ns period=83.330ns})
  Path Group:             sys_clk_pin
  Path Type:              Hold (Min at Fast Process Corner)
  Requirement:            0.000ns  (sys_clk_pin rise@0.000ns - sys_clk_pin rise@0.000ns)
  Data Path Delay:        0.404ns  (logic 0.209ns (51.725%)  route 0.195ns (48.275%))
  Logic Levels:           1  (LUT4=1)
  Clock Path Skew:        0.263ns (DCD - SCD - CPR)
    Destination Clock Delay (DCD):    1.975ns
    Source Clock Delay      (SCD):    1.462ns
    Clock Pessimism Removal (CPR):    0.250ns

    Location             Delay type                Incr(ns)  Path(ns)    Netlist Resource(s)
  -------------------------------------------------------------------    -------------------
                         (clock sys_clk_pin rise edge)
                                                      0.000     0.000 r  
    L17                                               0.000     0.000 r  clk (IN)
                         net (fo=0)                   0.000     0.000    clk
    L17                  IBUF (Prop_ibuf_I_O)         0.244     0.244 r  clk_IBUF_inst/O
                         net (fo=1, routed)           0.634     0.878    clk_IBUF
    BUFGCTRL_X0Y1        BUFG (Prop_bufg_I_O)         0.026     0.904 r  clk_IBUF_BUFG_inst/O
                         net (fo=582, routed)         0.558     1.462    U05_SPI/clk_IBUF_BUFG
    SLICE_X34Y36         FDRE                                         r  U05_SPI/error_from_host_reg/C
  -------------------------------------------------------------------    -------------------
    SLICE_X34Y36         FDRE (Prop_fdre_C_Q)         0.164     1.626 r  U05_SPI/error_from_host_reg/Q
                         net (fo=1, routed)           0.195     1.821    U01_ERR/error_from_host[1]
    SLICE_X38Y34         LUT4 (Prop_lut4_I1_O)        0.045     1.866 r  U01_ERR/is_error_present_from_host_i_1/O
                         net (fo=1, routed)           0.000     1.866    U01_ERR/is_error_present_from_host_i_1_n_0
    SLICE_X38Y34         FDRE                                         r  U01_ERR/is_error_present_from_host_reg/D
  -------------------------------------------------------------------    -------------------

                         (clock sys_clk_pin rise edge)
                                                      0.000     0.000 r  
    L17                                               0.000     0.000 r  clk (IN)
                         net (fo=0)                   0.000     0.000    clk
    L17                  IBUF (Prop_ibuf_I_O)         0.432     0.432 r  clk_IBUF_inst/O
                         net (fo=1, routed)           0.689     1.120    clk_IBUF
    BUFGCTRL_X0Y1        BUFG (Prop_bufg_I_O)         0.029     1.149 r  clk_IBUF_BUFG_inst/O
                         net (fo=582, routed)         0.826     1.975    U01_ERR/clk_IBUF_BUFG
    SLICE_X38Y34         FDRE                                         r  U01_ERR/is_error_present_from_host_reg/C
                         clock pessimism             -0.250     1.725    
    SLICE_X38Y34         FDRE (Hold_fdre_C_D)         0.121     1.846    U01_ERR/is_error_present_from_host_reg
  -------------------------------------------------------------------
                         required time                         -1.846    
                         arrival time                           1.866    
  -------------------------------------------------------------------
                         slack                                  0.020    

Slack (MET) :             0.048ns  (arrival time - required time)
  Source:                 EN_DEMUX/outp_data_reg[5]/C
                            (rising edge-triggered cell FDRE clocked by sys_clk_pin  {rise@0.000ns fall@41.660ns period=83.330ns})
  Destination:            U04_TIME/start_value_int_reg[5]/D
                            (rising edge-triggered cell FDRE clocked by sys_clk_pin  {rise@0.000ns fall@41.660ns period=83.330ns})
  Path Group:             sys_clk_pin
  Path Type:              Hold (Min at Fast Process Corner)
  Requirement:            0.000ns  (sys_clk_pin rise@0.000ns - sys_clk_pin rise@0.000ns)
  Data Path Delay:        0.328ns  (logic 0.128ns (39.001%)  route 0.200ns (60.999%))
  Logic Levels:           0  
  Clock Path Skew:        0.263ns (DCD - SCD - CPR)
    Destination Clock Delay (DCD):    1.976ns
    Source Clock Delay      (SCD):    1.463ns
    Clock Pessimism Removal (CPR):    0.250ns

    Location             Delay type                Incr(ns)  Path(ns)    Netlist Resource(s)
  -------------------------------------------------------------------    -------------------
                         (clock sys_clk_pin rise edge)
                                                      0.000     0.000 r  
    L17                                               0.000     0.000 r  clk (IN)
                         net (fo=0)                   0.000     0.000    clk
    L17                  IBUF (Prop_ibuf_I_O)         0.244     0.244 r  clk_IBUF_inst/O
                         net (fo=1, routed)           0.634     0.878    clk_IBUF
    BUFGCTRL_X0Y1        BUFG (Prop_bufg_I_O)         0.026     0.904 r  clk_IBUF_BUFG_inst/O
                         net (fo=582, routed)         0.559     1.463    EN_DEMUX/clk_IBUF_BUFG
    SLICE_X31Y36         FDRE                                         r  EN_DEMUX/outp_data_reg[5]/C
  -------------------------------------------------------------------    -------------------
    SLICE_X31Y36         FDRE (Prop_fdre_C_Q)         0.128     1.591 r  EN_DEMUX/outp_data_reg[5]/Q
                         net (fo=8, routed)           0.200     1.791    U04_TIME/D[5]
    SLICE_X39Y36         FDRE                                         r  U04_TIME/start_value_int_reg[5]/D
  -------------------------------------------------------------------    -------------------

                         (clock sys_clk_pin rise edge)
                                                      0.000     0.000 r  
    L17                                               0.000     0.000 r  clk (IN)
                         net (fo=0)                   0.000     0.000    clk
    L17                  IBUF (Prop_ibuf_I_O)         0.432     0.432 r  clk_IBUF_inst/O
                         net (fo=1, routed)           0.689     1.120    clk_IBUF
    BUFGCTRL_X0Y1        BUFG (Prop_bufg_I_O)         0.029     1.149 r  clk_IBUF_BUFG_inst/O
                         net (fo=582, routed)         0.827     1.976    U04_TIME/clk_IBUF_BUFG
    SLICE_X39Y36         FDRE                                         r  U04_TIME/start_value_int_reg[5]/C
                         clock pessimism             -0.250     1.726    
    SLICE_X39Y36         FDRE (Hold_fdre_C_D)         0.017     1.743    U04_TIME/start_value_int_reg[5]
  -------------------------------------------------------------------
                         required time                         -1.743    
                         arrival time                           1.791    
  -------------------------------------------------------------------
                         slack                                  0.048    

Slack (MET) :             0.103ns  (arrival time - required time)
  Source:                 EN_DEMUX/outp_data_reg[1]/C
                            (rising edge-triggered cell FDRE clocked by sys_clk_pin  {rise@0.000ns fall@41.660ns period=83.330ns})
  Destination:            U04_TIME/prescaled_factor_int_reg[1]/D
                            (rising edge-triggered cell FDRE clocked by sys_clk_pin  {rise@0.000ns fall@41.660ns period=83.330ns})
  Path Group:             sys_clk_pin
  Path Type:              Hold (Min at Fast Process Corner)
  Requirement:            0.000ns  (sys_clk_pin rise@0.000ns - sys_clk_pin rise@0.000ns)
  Data Path Delay:        0.436ns  (logic 0.141ns (32.342%)  route 0.295ns (67.658%))
  Logic Levels:           0  
  Clock Path Skew:        0.263ns (DCD - SCD - CPR)
    Destination Clock Delay (DCD):    1.977ns
    Source Clock Delay      (SCD):    1.464ns
    Clock Pessimism Removal (CPR):    0.250ns

    Location             Delay type                Incr(ns)  Path(ns)    Netlist Resource(s)
  -------------------------------------------------------------------    -------------------
                         (clock sys_clk_pin rise edge)
                                                      0.000     0.000 r  
    L17                                               0.000     0.000 r  clk (IN)
                         net (fo=0)                   0.000     0.000    clk
    L17                  IBUF (Prop_ibuf_I_O)         0.244     0.244 r  clk_IBUF_inst/O
                         net (fo=1, routed)           0.634     0.878    clk_IBUF
    BUFGCTRL_X0Y1        BUFG (Prop_bufg_I_O)         0.026     0.904 r  clk_IBUF_BUFG_inst/O
                         net (fo=582, routed)         0.560     1.464    EN_DEMUX/clk_IBUF_BUFG
    SLICE_X28Y37         FDRE                                         r  EN_DEMUX/outp_data_reg[1]/C
  -------------------------------------------------------------------    -------------------
    SLICE_X28Y37         FDRE (Prop_fdre_C_Q)         0.141     1.605 r  EN_DEMUX/outp_data_reg[1]/Q
                         net (fo=8, routed)           0.295     1.900    U04_TIME/D[1]
    SLICE_X36Y37         FDRE                                         r  U04_TIME/prescaled_factor_int_reg[1]/D
  -------------------------------------------------------------------    -------------------

                         (clock sys_clk_pin rise edge)
                                                      0.000     0.000 r  
    L17                                               0.000     0.000 r  clk (IN)
                         net (fo=0)                   0.000     0.000    clk
    L17                  IBUF (Prop_ibuf_I_O)         0.432     0.432 r  clk_IBUF_inst/O
                         net (fo=1, routed)           0.689     1.120    clk_IBUF
    BUFGCTRL_X0Y1        BUFG (Prop_bufg_I_O)         0.029     1.149 r  clk_IBUF_BUFG_inst/O
                         net (fo=582, routed)         0.828     1.977    U04_TIME/clk_IBUF_BUFG
    SLICE_X36Y37         FDRE                                         r  U04_TIME/prescaled_factor_int_reg[1]/C
                         clock pessimism             -0.250     1.727    
    SLICE_X36Y37         FDRE (Hold_fdre_C_D)         0.070     1.797    U04_TIME/prescaled_factor_int_reg[1]
  -------------------------------------------------------------------
                         required time                         -1.797    
                         arrival time                           1.900    
  -------------------------------------------------------------------
                         slack                                  0.103    

Slack (MET) :             0.115ns  (arrival time - required time)
  Source:                 EN_DEMUX/outp_data_reg[5]/C
                            (rising edge-triggered cell FDRE clocked by sys_clk_pin  {rise@0.000ns fall@41.660ns period=83.330ns})
  Destination:            U04_TIME/prescaled_factor_int_reg[5]/D
                            (rising edge-triggered cell FDRE clocked by sys_clk_pin  {rise@0.000ns fall@41.660ns period=83.330ns})
  Path Group:             sys_clk_pin
  Path Type:              Hold (Min at Fast Process Corner)
  Requirement:            0.000ns  (sys_clk_pin rise@0.000ns - sys_clk_pin rise@0.000ns)
  Data Path Delay:        0.388ns  (logic 0.128ns (32.950%)  route 0.260ns (67.050%))
  Logic Levels:           0  
  Clock Path Skew:        0.263ns (DCD - SCD - CPR)
    Destination Clock Delay (DCD):    1.976ns
    Source Clock Delay      (SCD):    1.463ns
    Clock Pessimism Removal (CPR):    0.250ns

    Location             Delay type                Incr(ns)  Path(ns)    Netlist Resource(s)
  -------------------------------------------------------------------    -------------------
                         (clock sys_clk_pin rise edge)
                                                      0.000     0.000 r  
    L17                                               0.000     0.000 r  clk (IN)
                         net (fo=0)                   0.000     0.000    clk
    L17                  IBUF (Prop_ibuf_I_O)         0.244     0.244 r  clk_IBUF_inst/O
                         net (fo=1, routed)           0.634     0.878    clk_IBUF
    BUFGCTRL_X0Y1        BUFG (Prop_bufg_I_O)         0.026     0.904 r  clk_IBUF_BUFG_inst/O
                         net (fo=582, routed)         0.559     1.463    EN_DEMUX/clk_IBUF_BUFG
    SLICE_X31Y36         FDRE                                         r  EN_DEMUX/outp_data_reg[5]/C
  -------------------------------------------------------------------    -------------------
    SLICE_X31Y36         FDRE (Prop_fdre_C_Q)         0.128     1.591 r  EN_DEMUX/outp_data_reg[5]/Q
                         net (fo=8, routed)           0.260     1.851    U04_TIME/D[5]
    SLICE_X38Y35         FDRE                                         r  U04_TIME/prescaled_factor_int_reg[5]/D
  -------------------------------------------------------------------    -------------------

                         (clock sys_clk_pin rise edge)
                                                      0.000     0.000 r  
    L17                                               0.000     0.000 r  clk (IN)
                         net (fo=0)                   0.000     0.000    clk
    L17                  IBUF (Prop_ibuf_I_O)         0.432     0.432 r  clk_IBUF_inst/O
                         net (fo=1, routed)           0.689     1.120    clk_IBUF
    BUFGCTRL_X0Y1        BUFG (Prop_bufg_I_O)         0.029     1.149 r  clk_IBUF_BUFG_inst/O
                         net (fo=582, routed)         0.827     1.976    U04_TIME/clk_IBUF_BUFG
    SLICE_X38Y35         FDRE                                         r  U04_TIME/prescaled_factor_int_reg[5]/C
                         clock pessimism             -0.250     1.726    
    SLICE_X38Y35         FDRE (Hold_fdre_C_D)         0.010     1.736    U04_TIME/prescaled_factor_int_reg[5]
  -------------------------------------------------------------------
                         required time                         -1.736    
                         arrival time                           1.851    
  -------------------------------------------------------------------
                         slack                                  0.115    

Slack (MET) :             0.122ns  (arrival time - required time)
  Source:                 DECODE/recv_error_reg/C
                            (rising edge-triggered cell FDRE clocked by sys_clk_pin  {rise@0.000ns fall@41.660ns period=83.330ns})
  Destination:            U01_ERR/is_error_of_decoder_present_reg/D
                            (rising edge-triggered cell FDRE clocked by sys_clk_pin  {rise@0.000ns fall@41.660ns period=83.330ns})
  Path Group:             sys_clk_pin
  Path Type:              Hold (Min at Fast Process Corner)
  Requirement:            0.000ns  (sys_clk_pin rise@0.000ns - sys_clk_pin rise@0.000ns)
  Data Path Delay:        0.504ns  (logic 0.186ns (36.901%)  route 0.318ns (63.100%))
  Logic Levels:           1  (LUT3=1)
  Clock Path Skew:        0.262ns (DCD - SCD - CPR)
    Destination Clock Delay (DCD):    1.975ns
    Source Clock Delay      (SCD):    1.463ns
    Clock Pessimism Removal (CPR):    0.250ns

    Location             Delay type                Incr(ns)  Path(ns)    Netlist Resource(s)
  -------------------------------------------------------------------    -------------------
                         (clock sys_clk_pin rise edge)
                                                      0.000     0.000 r  
    L17                                               0.000     0.000 r  clk (IN)
                         net (fo=0)                   0.000     0.000    clk
    L17                  IBUF (Prop_ibuf_I_O)         0.244     0.244 r  clk_IBUF_inst/O
                         net (fo=1, routed)           0.634     0.878    clk_IBUF
    BUFGCTRL_X0Y1        BUFG (Prop_bufg_I_O)         0.026     0.904 r  clk_IBUF_BUFG_inst/O
                         net (fo=582, routed)         0.559     1.463    DECODE/clk_IBUF_BUFG
    SLICE_X32Y34         FDRE                                         r  DECODE/recv_error_reg/C
  -------------------------------------------------------------------    -------------------
    SLICE_X32Y34         FDRE (Prop_fdre_C_Q)         0.141     1.604 r  DECODE/recv_error_reg/Q
                         net (fo=2, routed)           0.318     1.922    U01_ERR/recv_error
    SLICE_X38Y34         LUT3 (Prop_lut3_I0_O)        0.045     1.967 r  U01_ERR/is_error_of_decoder_present_i_1/O
                         net (fo=1, routed)           0.000     1.967    U01_ERR/is_error_of_decoder_present_i_1_n_0
    SLICE_X38Y34         FDRE                                         r  U01_ERR/is_error_of_decoder_present_reg/D
  -------------------------------------------------------------------    -------------------

                         (clock sys_clk_pin rise edge)
                                                      0.000     0.000 r  
    L17                                               0.000     0.000 r  clk (IN)
                         net (fo=0)                   0.000     0.000    clk
    L17                  IBUF (Prop_ibuf_I_O)         0.432     0.432 r  clk_IBUF_inst/O
                         net (fo=1, routed)           0.689     1.120    clk_IBUF
    BUFGCTRL_X0Y1        BUFG (Prop_bufg_I_O)         0.029     1.149 r  clk_IBUF_BUFG_inst/O
                         net (fo=582, routed)         0.826     1.975    U01_ERR/clk_IBUF_BUFG
    SLICE_X38Y34         FDRE                                         r  U01_ERR/is_error_of_decoder_present_reg/C
                         clock pessimism             -0.250     1.725    
    SLICE_X38Y34         FDRE (Hold_fdre_C_D)         0.120     1.845    U01_ERR/is_error_of_decoder_present_reg
  -------------------------------------------------------------------
                         required time                         -1.845    
                         arrival time                           1.967    
  -------------------------------------------------------------------
                         slack                                  0.122    

Slack (MET) :             0.131ns  (arrival time - required time)
  Source:                 EN_DEMUX/outp_en_reg[4]/C
                            (rising edge-triggered cell FDRE clocked by sys_clk_pin  {rise@0.000ns fall@41.660ns period=83.330ns})
  Destination:            U04_TIME/start_value_write_en_int_reg/D
                            (rising edge-triggered cell FDRE clocked by sys_clk_pin  {rise@0.000ns fall@41.660ns period=83.330ns})
  Path Group:             sys_clk_pin
  Path Type:              Hold (Min at Fast Process Corner)
  Requirement:            0.000ns  (sys_clk_pin rise@0.000ns - sys_clk_pin rise@0.000ns)
  Data Path Delay:        0.427ns  (logic 0.128ns (30.010%)  route 0.299ns (69.990%))
  Logic Levels:           0  
  Clock Path Skew:        0.263ns (DCD - SCD - CPR)
    Destination Clock Delay (DCD):    1.976ns
    Source Clock Delay      (SCD):    1.463ns
    Clock Pessimism Removal (CPR):    0.250ns

    Location             Delay type                Incr(ns)  Path(ns)    Netlist Resource(s)
  -------------------------------------------------------------------    -------------------
                         (clock sys_clk_pin rise edge)
                                                      0.000     0.000 r  
    L17                                               0.000     0.000 r  clk (IN)
                         net (fo=0)                   0.000     0.000    clk
    L17                  IBUF (Prop_ibuf_I_O)         0.244     0.244 r  clk_IBUF_inst/O
                         net (fo=1, routed)           0.634     0.878    clk_IBUF
    BUFGCTRL_X0Y1        BUFG (Prop_bufg_I_O)         0.026     0.904 r  clk_IBUF_BUFG_inst/O
                         net (fo=582, routed)         0.559     1.463    EN_DEMUX/clk_IBUF_BUFG
    SLICE_X31Y36         FDRE                                         r  EN_DEMUX/outp_en_reg[4]/C
  -------------------------------------------------------------------    -------------------
    SLICE_X31Y36         FDRE (Prop_fdre_C_Q)         0.128     1.591 r  EN_DEMUX/outp_en_reg[4]/Q
                         net (fo=6, routed)           0.299     1.889    U04_TIME/prescale_factor_write_en_int_reg_0[0]
    SLICE_X38Y36         FDRE                                         r  U04_TIME/start_value_write_en_int_reg/D
  -------------------------------------------------------------------    -------------------

                         (clock sys_clk_pin rise edge)
                                                      0.000     0.000 r  
    L17                                               0.000     0.000 r  clk (IN)
                         net (fo=0)                   0.000     0.000    clk
    L17                  IBUF (Prop_ibuf_I_O)         0.432     0.432 r  clk_IBUF_inst/O
                         net (fo=1, routed)           0.689     1.120    clk_IBUF
    BUFGCTRL_X0Y1        BUFG (Prop_bufg_I_O)         0.029     1.149 r  clk_IBUF_BUFG_inst/O
                         net (fo=582, routed)         0.827     1.976    U04_TIME/clk_IBUF_BUFG
    SLICE_X38Y36         FDRE                                         r  U04_TIME/start_value_write_en_int_reg/C
                         clock pessimism             -0.250     1.726    
    SLICE_X38Y36         FDRE (Hold_fdre_C_D)         0.033     1.759    U04_TIME/start_value_write_en_int_reg
  -------------------------------------------------------------------
                         required time                         -1.759    
                         arrival time                           1.889    
  -------------------------------------------------------------------
                         slack                                  0.131    

Slack (MET) :             0.131ns  (arrival time - required time)
  Source:                 U05_SPI/SPI/BUF_DESER/new_data_reg/C
                            (rising edge-triggered cell FDRE clocked by sys_clk_pin  {rise@0.000ns fall@41.660ns period=83.330ns})
  Destination:            U05_SPI/last_spi_new_data_reg/D
                            (rising edge-triggered cell FDRE clocked by sys_clk_pin  {rise@0.000ns fall@41.660ns period=83.330ns})
  Path Group:             sys_clk_pin
  Path Type:              Hold (Min at Fast Process Corner)
  Requirement:            0.000ns  (sys_clk_pin rise@0.000ns - sys_clk_pin rise@0.000ns)
  Data Path Delay:        0.209ns  (logic 0.141ns (67.454%)  route 0.068ns (32.546%))
  Logic Levels:           0  
  Clock Path Skew:        0.000ns (DCD - SCD - CPR)
    Destination Clock Delay (DCD):    1.977ns
    Source Clock Delay      (SCD):    1.464ns
    Clock Pessimism Removal (CPR):    0.513ns

    Location             Delay type                Incr(ns)  Path(ns)    Netlist Resource(s)
  -------------------------------------------------------------------    -------------------
                         (clock sys_clk_pin rise edge)
                                                      0.000     0.000 r  
    L17                                               0.000     0.000 r  clk (IN)
                         net (fo=0)                   0.000     0.000    clk
    L17                  IBUF (Prop_ibuf_I_O)         0.244     0.244 r  clk_IBUF_inst/O
                         net (fo=1, routed)           0.634     0.878    clk_IBUF
    BUFGCTRL_X0Y1        BUFG (Prop_bufg_I_O)         0.026     0.904 r  clk_IBUF_BUFG_inst/O
                         net (fo=582, routed)         0.560     1.464    U05_SPI/SPI/BUF_DESER/clk_IBUF_BUFG
    SLICE_X45Y34         FDRE                                         r  U05_SPI/SPI/BUF_DESER/new_data_reg/C
  -------------------------------------------------------------------    -------------------
    SLICE_X45Y34         FDRE (Prop_fdre_C_Q)         0.141     1.605 r  U05_SPI/SPI/BUF_DESER/new_data_reg/Q
                         net (fo=3, routed)           0.068     1.673    U05_SPI/new_data_received
    SLICE_X45Y34         FDRE                                         r  U05_SPI/last_spi_new_data_reg/D
  -------------------------------------------------------------------    -------------------

                         (clock sys_clk_pin rise edge)
                                                      0.000     0.000 r  
    L17                                               0.000     0.000 r  clk (IN)
                         net (fo=0)                   0.000     0.000    clk
    L17                  IBUF (Prop_ibuf_I_O)         0.432     0.432 r  clk_IBUF_inst/O
                         net (fo=1, routed)           0.689     1.120    clk_IBUF
    BUFGCTRL_X0Y1        BUFG (Prop_bufg_I_O)         0.029     1.149 r  clk_IBUF_BUFG_inst/O
                         net (fo=582, routed)         0.828     1.977    U05_SPI/clk_IBUF_BUFG
    SLICE_X45Y34         FDRE                                         r  U05_SPI/last_spi_new_data_reg/C
                         clock pessimism             -0.513     1.464    
    SLICE_X45Y34         FDRE (Hold_fdre_C_D)         0.078     1.542    U05_SPI/last_spi_new_data_reg
  -------------------------------------------------------------------
                         required time                         -1.542    
                         arrival time                           1.673    
  -------------------------------------------------------------------
                         slack                                  0.131    

Slack (MET) :             0.133ns  (arrival time - required time)
  Source:                 EN_DEMUX/outp_data_reg[6]/C
                            (rising edge-triggered cell FDRE clocked by sys_clk_pin  {rise@0.000ns fall@41.660ns period=83.330ns})
  Destination:            U04_TIME/start_value_int_reg[6]/D
                            (rising edge-triggered cell FDRE clocked by sys_clk_pin  {rise@0.000ns fall@41.660ns period=83.330ns})
  Path Group:             sys_clk_pin
  Path Type:              Hold (Min at Fast Process Corner)
  Requirement:            0.000ns  (sys_clk_pin rise@0.000ns - sys_clk_pin rise@0.000ns)
  Data Path Delay:        0.480ns  (logic 0.141ns (29.372%)  route 0.339ns (70.628%))
  Logic Levels:           0  
  Clock Path Skew:        0.264ns (DCD - SCD - CPR)
    Destination Clock Delay (DCD):    1.977ns
    Source Clock Delay      (SCD):    1.463ns
    Clock Pessimism Removal (CPR):    0.250ns

    Location             Delay type                Incr(ns)  Path(ns)    Netlist Resource(s)
  -------------------------------------------------------------------    -------------------
                         (clock sys_clk_pin rise edge)
                                                      0.000     0.000 r  
    L17                                               0.000     0.000 r  clk (IN)
                         net (fo=0)                   0.000     0.000    clk
    L17                  IBUF (Prop_ibuf_I_O)         0.244     0.244 r  clk_IBUF_inst/O
                         net (fo=1, routed)           0.634     0.878    clk_IBUF
    BUFGCTRL_X0Y1        BUFG (Prop_bufg_I_O)         0.026     0.904 r  clk_IBUF_BUFG_inst/O
                         net (fo=582, routed)         0.559     1.463    EN_DEMUX/clk_IBUF_BUFG
    SLICE_X32Y36         FDRE                                         r  EN_DEMUX/outp_data_reg[6]/C
  -------------------------------------------------------------------    -------------------
    SLICE_X32Y36         FDRE (Prop_fdre_C_Q)         0.141     1.604 r  EN_DEMUX/outp_data_reg[6]/Q
                         net (fo=7, routed)           0.339     1.943    U04_TIME/D[6]
    SLICE_X38Y37         FDRE                                         r  U04_TIME/start_value_int_reg[6]/D
  -------------------------------------------------------------------    -------------------

                         (clock sys_clk_pin rise edge)
                                                      0.000     0.000 r  
    L17                                               0.000     0.000 r  clk (IN)
                         net (fo=0)                   0.000     0.000    clk
    L17                  IBUF (Prop_ibuf_I_O)         0.432     0.432 r  clk_IBUF_inst/O
                         net (fo=1, routed)           0.689     1.120    clk_IBUF
    BUFGCTRL_X0Y1        BUFG (Prop_bufg_I_O)         0.029     1.149 r  clk_IBUF_BUFG_inst/O
                         net (fo=582, routed)         0.828     1.977    U04_TIME/clk_IBUF_BUFG
    SLICE_X38Y37         FDRE                                         r  U04_TIME/start_value_int_reg[6]/C
                         clock pessimism             -0.250     1.727    
    SLICE_X38Y37         FDRE (Hold_fdre_C_D)         0.083     1.810    U04_TIME/start_value_int_reg[6]
  -------------------------------------------------------------------
                         required time                         -1.810    
                         arrival time                           1.943    
  -------------------------------------------------------------------
                         slack                                  0.133    

Slack (MET) :             0.135ns  (arrival time - required time)
  Source:                 EN_DEMUX/outp_en_reg[4]/C
                            (rising edge-triggered cell FDRE clocked by sys_clk_pin  {rise@0.000ns fall@41.660ns period=83.330ns})
  Destination:            U04_TIME/prescale_factor_write_en_int_reg/D
                            (rising edge-triggered cell FDRE clocked by sys_clk_pin  {rise@0.000ns fall@41.660ns period=83.330ns})
  Path Group:             sys_clk_pin
  Path Type:              Hold (Min at Fast Process Corner)
  Requirement:            0.000ns  (sys_clk_pin rise@0.000ns - sys_clk_pin rise@0.000ns)
  Data Path Delay:        0.404ns  (logic 0.128ns (31.647%)  route 0.276ns (68.353%))
  Logic Levels:           0  
  Clock Path Skew:        0.263ns (DCD - SCD - CPR)
    Destination Clock Delay (DCD):    1.976ns
    Source Clock Delay      (SCD):    1.463ns
    Clock Pessimism Removal (CPR):    0.250ns

    Location             Delay type                Incr(ns)  Path(ns)    Netlist Resource(s)
  -------------------------------------------------------------------    -------------------
                         (clock sys_clk_pin rise edge)
                                                      0.000     0.000 r  
    L17                                               0.000     0.000 r  clk (IN)
                         net (fo=0)                   0.000     0.000    clk
    L17                  IBUF (Prop_ibuf_I_O)         0.244     0.244 r  clk_IBUF_inst/O
                         net (fo=1, routed)           0.634     0.878    clk_IBUF
    BUFGCTRL_X0Y1        BUFG (Prop_bufg_I_O)         0.026     0.904 r  clk_IBUF_BUFG_inst/O
                         net (fo=582, routed)         0.559     1.463    EN_DEMUX/clk_IBUF_BUFG
    SLICE_X31Y36         FDRE                                         r  EN_DEMUX/outp_en_reg[4]/C
  -------------------------------------------------------------------    -------------------
    SLICE_X31Y36         FDRE (Prop_fdre_C_Q)         0.128     1.591 r  EN_DEMUX/outp_en_reg[4]/Q
                         net (fo=6, routed)           0.276     1.867    U04_TIME/prescale_factor_write_en_int_reg_0[0]
    SLICE_X38Y35         FDRE                                         r  U04_TIME/prescale_factor_write_en_int_reg/D
  -------------------------------------------------------------------    -------------------

                         (clock sys_clk_pin rise edge)
                                                      0.000     0.000 r  
    L17                                               0.000     0.000 r  clk (IN)
                         net (fo=0)                   0.000     0.000    clk
    L17                  IBUF (Prop_ibuf_I_O)         0.432     0.432 r  clk_IBUF_inst/O
                         net (fo=1, routed)           0.689     1.120    clk_IBUF
    BUFGCTRL_X0Y1        BUFG (Prop_bufg_I_O)         0.029     1.149 r  clk_IBUF_BUFG_inst/O
                         net (fo=582, routed)         0.827     1.976    U04_TIME/clk_IBUF_BUFG
    SLICE_X38Y35         FDRE                                         r  U04_TIME/prescale_factor_write_en_int_reg/C
                         clock pessimism             -0.250     1.726    
    SLICE_X38Y35         FDRE (Hold_fdre_C_D)         0.006     1.732    U04_TIME/prescale_factor_write_en_int_reg
  -------------------------------------------------------------------
                         required time                         -1.732    
                         arrival time                           1.867    
  -------------------------------------------------------------------
                         slack                                  0.135    

Slack (MET) :             0.140ns  (arrival time - required time)
  Source:                 EN_DEMUX/outp_data_reg[7]/C
                            (rising edge-triggered cell FDRE clocked by sys_clk_pin  {rise@0.000ns fall@41.660ns period=83.330ns})
  Destination:            U04_TIME/start_value_int_reg[7]/D
                            (rising edge-triggered cell FDRE clocked by sys_clk_pin  {rise@0.000ns fall@41.660ns period=83.330ns})
  Path Group:             sys_clk_pin
  Path Type:              Hold (Min at Fast Process Corner)
  Requirement:            0.000ns  (sys_clk_pin rise@0.000ns - sys_clk_pin rise@0.000ns)
  Data Path Delay:        0.488ns  (logic 0.141ns (28.919%)  route 0.347ns (71.081%))
  Logic Levels:           0  
  Clock Path Skew:        0.264ns (DCD - SCD - CPR)
    Destination Clock Delay (DCD):    1.977ns
    Source Clock Delay      (SCD):    1.463ns
    Clock Pessimism Removal (CPR):    0.250ns

    Location             Delay type                Incr(ns)  Path(ns)    Netlist Resource(s)
  -------------------------------------------------------------------    -------------------
                         (clock sys_clk_pin rise edge)
                                                      0.000     0.000 r  
    L17                                               0.000     0.000 r  clk (IN)
                         net (fo=0)                   0.000     0.000    clk
    L17                  IBUF (Prop_ibuf_I_O)         0.244     0.244 r  clk_IBUF_inst/O
                         net (fo=1, routed)           0.634     0.878    clk_IBUF
    BUFGCTRL_X0Y1        BUFG (Prop_bufg_I_O)         0.026     0.904 r  clk_IBUF_BUFG_inst/O
                         net (fo=582, routed)         0.559     1.463    EN_DEMUX/clk_IBUF_BUFG
    SLICE_X32Y36         FDRE                                         r  EN_DEMUX/outp_data_reg[7]/C
  -------------------------------------------------------------------    -------------------
    SLICE_X32Y36         FDRE (Prop_fdre_C_Q)         0.141     1.604 r  EN_DEMUX/outp_data_reg[7]/Q
                         net (fo=7, routed)           0.347     1.950    U04_TIME/D[7]
    SLICE_X38Y37         FDRE                                         r  U04_TIME/start_value_int_reg[7]/D
  -------------------------------------------------------------------    -------------------

                         (clock sys_clk_pin rise edge)
                                                      0.000     0.000 r  
    L17                                               0.000     0.000 r  clk (IN)
                         net (fo=0)                   0.000     0.000    clk
    L17                  IBUF (Prop_ibuf_I_O)         0.432     0.432 r  clk_IBUF_inst/O
                         net (fo=1, routed)           0.689     1.120    clk_IBUF
    BUFGCTRL_X0Y1        BUFG (Prop_bufg_I_O)         0.029     1.149 r  clk_IBUF_BUFG_inst/O
                         net (fo=582, routed)         0.828     1.977    U04_TIME/clk_IBUF_BUFG
    SLICE_X38Y37         FDRE                                         r  U04_TIME/start_value_int_reg[7]/C
                         clock pessimism             -0.250     1.727    
    SLICE_X38Y37         FDRE (Hold_fdre_C_D)         0.084     1.811    U04_TIME/start_value_int_reg[7]
  -------------------------------------------------------------------
                         required time                         -1.811    
                         arrival time                           1.950    
  -------------------------------------------------------------------
                         slack                                  0.140    





Pulse Width Checks
--------------------------------------------------------------------------------------
Clock Name:         sys_clk_pin
Waveform(ns):       { 0.000 41.660 }
Period(ns):         83.330
Sources:            { clk }

Check Type        Corner  Lib Pin  Reference Pin  Required(ns)  Actual(ns)  Slack(ns)  Location       Pin
Min Period        n/a     BUFG/I   n/a            2.155         83.330      81.175     BUFGCTRL_X0Y1  clk_IBUF_BUFG_inst/I
Min Period        n/a     FDRE/C   n/a            1.000         83.330      82.330     SLICE_X30Y36   DECODE/access_mode_reg[0]/C
Min Period        n/a     FDRE/C   n/a            1.000         83.330      82.330     SLICE_X30Y36   DECODE/access_mode_reg[1]/C
Min Period        n/a     FDRE/C   n/a            1.000         83.330      82.330     SLICE_X32Y34   DECODE/counter_ready_reg/C
Min Period        n/a     FDRE/C   n/a            1.000         83.330      82.330     SLICE_X33Y26   DECODE/counter_reg[0]/C
Min Period        n/a     FDRE/C   n/a            1.000         83.330      82.330     SLICE_X33Y28   DECODE/counter_reg[10]/C
Min Period        n/a     FDRE/C   n/a            1.000         83.330      82.330     SLICE_X33Y28   DECODE/counter_reg[11]/C
Min Period        n/a     FDRE/C   n/a            1.000         83.330      82.330     SLICE_X33Y29   DECODE/counter_reg[12]/C
Min Period        n/a     FDRE/C   n/a            1.000         83.330      82.330     SLICE_X33Y29   DECODE/counter_reg[13]/C
Min Period        n/a     FDRE/C   n/a            1.000         83.330      82.330     SLICE_X33Y29   DECODE/counter_reg[14]/C
Low Pulse Width   Slow    FDRE/C   n/a            0.500         41.670      41.170     SLICE_X30Y36   DECODE/access_mode_reg[0]/C
Low Pulse Width   Fast    FDRE/C   n/a            0.500         41.670      41.170     SLICE_X30Y36   DECODE/access_mode_reg[0]/C
Low Pulse Width   Slow    FDRE/C   n/a            0.500         41.670      41.170     SLICE_X30Y36   DECODE/access_mode_reg[1]/C
Low Pulse Width   Fast    FDRE/C   n/a            0.500         41.670      41.170     SLICE_X30Y36   DECODE/access_mode_reg[1]/C
Low Pulse Width   Slow    FDRE/C   n/a            0.500         41.670      41.170     SLICE_X32Y34   DECODE/counter_ready_reg/C
Low Pulse Width   Fast    FDRE/C   n/a            0.500         41.670      41.170     SLICE_X32Y34   DECODE/counter_ready_reg/C
Low Pulse Width   Slow    FDRE/C   n/a            0.500         41.670      41.170     SLICE_X33Y26   DECODE/counter_reg[0]/C
Low Pulse Width   Fast    FDRE/C   n/a            0.500         41.670      41.170     SLICE_X33Y26   DECODE/counter_reg[0]/C
Low Pulse Width   Slow    FDRE/C   n/a            0.500         41.670      41.170     SLICE_X33Y28   DECODE/counter_reg[10]/C
Low Pulse Width   Fast    FDRE/C   n/a            0.500         41.670      41.170     SLICE_X33Y28   DECODE/counter_reg[10]/C
High Pulse Width  Slow    FDRE/C   n/a            0.500         41.660      41.160     SLICE_X30Y36   DECODE/access_mode_reg[0]/C
High Pulse Width  Fast    FDRE/C   n/a            0.500         41.660      41.160     SLICE_X30Y36   DECODE/access_mode_reg[0]/C
High Pulse Width  Slow    FDRE/C   n/a            0.500         41.660      41.160     SLICE_X30Y36   DECODE/access_mode_reg[1]/C
High Pulse Width  Fast    FDRE/C   n/a            0.500         41.660      41.160     SLICE_X30Y36   DECODE/access_mode_reg[1]/C
High Pulse Width  Slow    FDRE/C   n/a            0.500         41.660      41.160     SLICE_X32Y34   DECODE/counter_ready_reg/C
High Pulse Width  Fast    FDRE/C   n/a            0.500         41.660      41.160     SLICE_X32Y34   DECODE/counter_ready_reg/C
High Pulse Width  Slow    FDRE/C   n/a            0.500         41.660      41.160     SLICE_X33Y26   DECODE/counter_reg[0]/C
High Pulse Width  Fast    FDRE/C   n/a            0.500         41.660      41.160     SLICE_X33Y26   DECODE/counter_reg[0]/C
High Pulse Width  Slow    FDRE/C   n/a            0.500         41.660      41.160     SLICE_X33Y28   DECODE/counter_reg[10]/C
High Pulse Width  Fast    FDRE/C   n/a            0.500         41.660      41.160     SLICE_X33Y28   DECODE/counter_reg[10]/C



---------------------------------------------------------------------------------------------------
Path Group:  **async_default**
From Clock:  sys_clk_pin
  To Clock:  sys_clk_pin

Setup :            0  Failing Endpoints,  Worst Slack       78.324ns,  Total Violation        0.000ns
Hold  :            0  Failing Endpoints,  Worst Slack        1.607ns,  Total Violation        0.000ns
---------------------------------------------------------------------------------------------------


Max Delay Paths
--------------------------------------------------------------------------------------
Slack (MET) :             78.324ns  (required time - arrival time)
  Source:                 U00_RST/rst_ext_pack_reg/C
                            (rising edge-triggered cell FDRE clocked by sys_clk_pin  {rise@0.000ns fall@41.660ns period=83.330ns})
  Destination:            U05_SPI/SPI/CLK_MAN/last_prescaled_clk_reg/PRE
                            (recovery check against rising-edge clock sys_clk_pin  {rise@0.000ns fall@41.660ns period=83.330ns})
  Path Group:             **async_default**
  Path Type:              Recovery (Max at Slow Process Corner)
  Requirement:            83.330ns  (sys_clk_pin rise@83.330ns - sys_clk_pin rise@0.000ns)
  Data Path Delay:        4.501ns  (logic 0.580ns (12.885%)  route 3.921ns (87.115%))
  Logic Levels:           1  (LUT2=1)
  Clock Path Skew:        -0.108ns (DCD - SCD + CPR)
    Destination Clock Delay (DCD):    4.809ns = ( 88.139 - 83.330 ) 
    Source Clock Delay      (SCD):    5.104ns
    Clock Pessimism Removal (CPR):    0.187ns
  Clock Uncertainty:      0.035ns  ((TSJ^2 + TIJ^2)^1/2 + DJ) / 2 + PE
    Total System Jitter     (TSJ):    0.071ns
    Total Input Jitter      (TIJ):    0.000ns
    Discrete Jitter          (DJ):    0.000ns
    Phase Error              (PE):    0.000ns

    Location             Delay type                Incr(ns)  Path(ns)    Netlist Resource(s)
  -------------------------------------------------------------------    -------------------
                         (clock sys_clk_pin rise edge)
                                                      0.000     0.000 r  
    L17                                               0.000     0.000 r  clk (IN)
                         net (fo=0)                   0.000     0.000    clk
    L17                  IBUF (Prop_ibuf_I_O)         1.476     1.476 r  clk_IBUF_inst/O
                         net (fo=1, routed)           1.972     3.448    clk_IBUF
    BUFGCTRL_X0Y1        BUFG (Prop_bufg_I_O)         0.096     3.544 r  clk_IBUF_BUFG_inst/O
                         net (fo=582, routed)         1.560     5.104    U00_RST/clk_IBUF_BUFG
    SLICE_X33Y36         FDRE                                         r  U00_RST/rst_ext_pack_reg/C
  -------------------------------------------------------------------    -------------------
    SLICE_X33Y36         FDRE (Prop_fdre_C_Q)         0.456     5.560 f  U00_RST/rst_ext_pack_reg/Q
                         net (fo=4, routed)           0.718     6.278    U00_RST/rst_unit
    SLICE_X37Y34         LUT2 (Prop_lut2_I1_O)        0.124     6.402 f  U00_RST/buffer_data_saved_i_2/O
                         net (fo=405, routed)         3.203     9.605    U05_SPI/SPI/CLK_MAN/rst_ext_pack
    SLICE_X38Y42         FDPE                                         f  U05_SPI/SPI/CLK_MAN/last_prescaled_clk_reg/PRE
  -------------------------------------------------------------------    -------------------

                         (clock sys_clk_pin rise edge)
                                                     83.330    83.330 r  
    L17                                               0.000    83.330 r  clk (IN)
                         net (fo=0)                   0.000    83.330    clk
    L17                  IBUF (Prop_ibuf_I_O)         1.406    84.736 r  clk_IBUF_inst/O
                         net (fo=1, routed)           1.868    86.604    clk_IBUF
    BUFGCTRL_X0Y1        BUFG (Prop_bufg_I_O)         0.091    86.695 r  clk_IBUF_BUFG_inst/O
                         net (fo=582, routed)         1.444    88.139    U05_SPI/SPI/CLK_MAN/clk_IBUF_BUFG
    SLICE_X38Y42         FDPE                                         r  U05_SPI/SPI/CLK_MAN/last_prescaled_clk_reg/C
                         clock pessimism              0.187    88.326    
                         clock uncertainty           -0.035    88.291    
    SLICE_X38Y42         FDPE (Recov_fdpe_C_PRE)     -0.361    87.930    U05_SPI/SPI/CLK_MAN/last_prescaled_clk_reg
  -------------------------------------------------------------------
                         required time                         87.930    
                         arrival time                          -9.605    
  -------------------------------------------------------------------
                         slack                                 78.324    





Min Delay Paths
--------------------------------------------------------------------------------------
Slack (MET) :             1.607ns  (arrival time - required time)
  Source:                 U00_RST/rst_ext_pack_reg/C
                            (rising edge-triggered cell FDRE clocked by sys_clk_pin  {rise@0.000ns fall@41.660ns period=83.330ns})
  Destination:            U05_SPI/SPI/CLK_MAN/last_prescaled_clk_reg/PRE
                            (removal check against rising-edge clock sys_clk_pin  {rise@0.000ns fall@41.660ns period=83.330ns})
  Path Group:             **async_default**
  Path Type:              Removal (Min at Fast Process Corner)
  Requirement:            0.000ns  (sys_clk_pin rise@0.000ns - sys_clk_pin rise@0.000ns)
  Data Path Delay:        1.803ns  (logic 0.186ns (10.314%)  route 1.617ns (89.686%))
  Logic Levels:           1  (LUT2=1)
  Clock Path Skew:        0.267ns (DCD - SCD - CPR)
    Destination Clock Delay (DCD):    1.980ns
    Source Clock Delay      (SCD):    1.463ns
    Clock Pessimism Removal (CPR):    0.250ns

    Location             Delay type                Incr(ns)  Path(ns)    Netlist Resource(s)
  -------------------------------------------------------------------    -------------------
                         (clock sys_clk_pin rise edge)
                                                      0.000     0.000 r  
    L17                                               0.000     0.000 r  clk (IN)
                         net (fo=0)                   0.000     0.000    clk
    L17                  IBUF (Prop_ibuf_I_O)         0.244     0.244 r  clk_IBUF_inst/O
                         net (fo=1, routed)           0.634     0.878    clk_IBUF
    BUFGCTRL_X0Y1        BUFG (Prop_bufg_I_O)         0.026     0.904 r  clk_IBUF_BUFG_inst/O
                         net (fo=582, routed)         0.559     1.463    U00_RST/clk_IBUF_BUFG
    SLICE_X33Y36         FDRE                                         r  U00_RST/rst_ext_pack_reg/C
  -------------------------------------------------------------------    -------------------
    SLICE_X33Y36         FDRE (Prop_fdre_C_Q)         0.141     1.604 f  U00_RST/rst_ext_pack_reg/Q
                         net (fo=4, routed)           0.258     1.862    U00_RST/rst_unit
    SLICE_X37Y34         LUT2 (Prop_lut2_I1_O)        0.045     1.907 f  U00_RST/buffer_data_saved_i_2/O
                         net (fo=405, routed)         1.359     3.266    U05_SPI/SPI/CLK_MAN/rst_ext_pack
    SLICE_X38Y42         FDPE                                         f  U05_SPI/SPI/CLK_MAN/last_prescaled_clk_reg/PRE
  -------------------------------------------------------------------    -------------------

                         (clock sys_clk_pin rise edge)
                                                      0.000     0.000 r  
    L17                                               0.000     0.000 r  clk (IN)
                         net (fo=0)                   0.000     0.000    clk
    L17                  IBUF (Prop_ibuf_I_O)         0.432     0.432 r  clk_IBUF_inst/O
                         net (fo=1, routed)           0.689     1.120    clk_IBUF
    BUFGCTRL_X0Y1        BUFG (Prop_bufg_I_O)         0.029     1.149 r  clk_IBUF_BUFG_inst/O
                         net (fo=582, routed)         0.831     1.980    U05_SPI/SPI/CLK_MAN/clk_IBUF_BUFG
    SLICE_X38Y42         FDPE                                         r  U05_SPI/SPI/CLK_MAN/last_prescaled_clk_reg/C
                         clock pessimism             -0.250     1.730    
    SLICE_X38Y42         FDPE (Remov_fdpe_C_PRE)     -0.071     1.659    U05_SPI/SPI/CLK_MAN/last_prescaled_clk_reg
  -------------------------------------------------------------------
                         required time                         -1.659    
                         arrival time                           3.266    
  -------------------------------------------------------------------
                         slack                                  1.607    





--------------------------------------------------------------------------------------
Path Group:  (none)
From Clock:  
  To Clock:  

Max Delay           612 Endpoints
Min Delay           612 Endpoints
--------------------------------------------------------------------------------------


Max Delay Paths
--------------------------------------------------------------------------------------
Slack:                    inf
  Source:                 rst
                            (input port)
  Destination:            U05_SPI/SPI/SER/counter_fal_reg[28]/CLR
  Path Group:             (none)
  Path Type:              Max at Slow Process Corner
  Data Path Delay:        9.777ns  (logic 1.739ns (17.785%)  route 8.039ns (82.215%))
  Logic Levels:           3  (IBUF=1 LUT2=2)

    Location             Delay type                Incr(ns)  Path(ns)    Netlist Resource(s)
  -------------------------------------------------------------------    -------------------
    A18                                               0.000     0.000 f  rst (IN)
                         net (fo=0)                   0.000     0.000    rst
    A18                  IBUF (Prop_ibuf_I_O)         1.463     1.463 f  rst_IBUF_inst/O
                         net (fo=4, routed)           4.403     5.866    U00_RST/rst_IBUF
    SLICE_X37Y34         LUT2 (Prop_lut2_I0_O)        0.124     5.990 f  U00_RST/buffer_data_saved_i_2/O
                         net (fo=405, routed)         1.799     7.790    U05_SPI/SPI/CLK_MAN/rst_ext_pack
    SLICE_X29Y37         LUT2 (Prop_lut2_I1_O)        0.152     7.942 f  U05_SPI/SPI/CLK_MAN/clk_prescaled_intern_i_1__1/O
                         net (fo=74, routed)          1.836     9.777    U05_SPI/SPI/SER/comb_pres_rst
    SLICE_X29Y48         FDCE                                         f  U05_SPI/SPI/SER/counter_fal_reg[28]/CLR
  -------------------------------------------------------------------    -------------------

Slack:                    inf
  Source:                 rst
                            (input port)
  Destination:            U05_SPI/SPI/SER/counter_fal_reg[29]/CLR
  Path Group:             (none)
  Path Type:              Max at Slow Process Corner
  Data Path Delay:        9.777ns  (logic 1.739ns (17.785%)  route 8.039ns (82.215%))
  Logic Levels:           3  (IBUF=1 LUT2=2)

    Location             Delay type                Incr(ns)  Path(ns)    Netlist Resource(s)
  -------------------------------------------------------------------    -------------------
    A18                                               0.000     0.000 f  rst (IN)
                         net (fo=0)                   0.000     0.000    rst
    A18                  IBUF (Prop_ibuf_I_O)         1.463     1.463 f  rst_IBUF_inst/O
                         net (fo=4, routed)           4.403     5.866    U00_RST/rst_IBUF
    SLICE_X37Y34         LUT2 (Prop_lut2_I0_O)        0.124     5.990 f  U00_RST/buffer_data_saved_i_2/O
                         net (fo=405, routed)         1.799     7.790    U05_SPI/SPI/CLK_MAN/rst_ext_pack
    SLICE_X29Y37         LUT2 (Prop_lut2_I1_O)        0.152     7.942 f  U05_SPI/SPI/CLK_MAN/clk_prescaled_intern_i_1__1/O
                         net (fo=74, routed)          1.836     9.777    U05_SPI/SPI/SER/comb_pres_rst
    SLICE_X29Y48         FDCE                                         f  U05_SPI/SPI/SER/counter_fal_reg[29]/CLR
  -------------------------------------------------------------------    -------------------

Slack:                    inf
  Source:                 rst
                            (input port)
  Destination:            U05_SPI/SPI/SER/counter_fal_reg[30]/CLR
  Path Group:             (none)
  Path Type:              Max at Slow Process Corner
  Data Path Delay:        9.777ns  (logic 1.739ns (17.785%)  route 8.039ns (82.215%))
  Logic Levels:           3  (IBUF=1 LUT2=2)

    Location             Delay type                Incr(ns)  Path(ns)    Netlist Resource(s)
  -------------------------------------------------------------------    -------------------
    A18                                               0.000     0.000 f  rst (IN)
                         net (fo=0)                   0.000     0.000    rst
    A18                  IBUF (Prop_ibuf_I_O)         1.463     1.463 f  rst_IBUF_inst/O
                         net (fo=4, routed)           4.403     5.866    U00_RST/rst_IBUF
    SLICE_X37Y34         LUT2 (Prop_lut2_I0_O)        0.124     5.990 f  U00_RST/buffer_data_saved_i_2/O
                         net (fo=405, routed)         1.799     7.790    U05_SPI/SPI/CLK_MAN/rst_ext_pack
    SLICE_X29Y37         LUT2 (Prop_lut2_I1_O)        0.152     7.942 f  U05_SPI/SPI/CLK_MAN/clk_prescaled_intern_i_1__1/O
                         net (fo=74, routed)          1.836     9.777    U05_SPI/SPI/SER/comb_pres_rst
    SLICE_X29Y48         FDCE                                         f  U05_SPI/SPI/SER/counter_fal_reg[30]/CLR
  -------------------------------------------------------------------    -------------------

Slack:                    inf
  Source:                 rst
                            (input port)
  Destination:            U05_SPI/SPI/SER/counter_fal_reg[31]/CLR
  Path Group:             (none)
  Path Type:              Max at Slow Process Corner
  Data Path Delay:        9.777ns  (logic 1.739ns (17.785%)  route 8.039ns (82.215%))
  Logic Levels:           3  (IBUF=1 LUT2=2)

    Location             Delay type                Incr(ns)  Path(ns)    Netlist Resource(s)
  -------------------------------------------------------------------    -------------------
    A18                                               0.000     0.000 f  rst (IN)
                         net (fo=0)                   0.000     0.000    rst
    A18                  IBUF (Prop_ibuf_I_O)         1.463     1.463 f  rst_IBUF_inst/O
                         net (fo=4, routed)           4.403     5.866    U00_RST/rst_IBUF
    SLICE_X37Y34         LUT2 (Prop_lut2_I0_O)        0.124     5.990 f  U00_RST/buffer_data_saved_i_2/O
                         net (fo=405, routed)         1.799     7.790    U05_SPI/SPI/CLK_MAN/rst_ext_pack
    SLICE_X29Y37         LUT2 (Prop_lut2_I1_O)        0.152     7.942 f  U05_SPI/SPI/CLK_MAN/clk_prescaled_intern_i_1__1/O
                         net (fo=74, routed)          1.836     9.777    U05_SPI/SPI/SER/comb_pres_rst
    SLICE_X29Y48         FDCE                                         f  U05_SPI/SPI/SER/counter_fal_reg[31]/CLR
  -------------------------------------------------------------------    -------------------

Slack:                    inf
  Source:                 rst
                            (input port)
  Destination:            U05_SPI/SPI/SER/counter_fal_reg[24]/CLR
  Path Group:             (none)
  Path Type:              Max at Slow Process Corner
  Data Path Delay:        9.639ns  (logic 1.739ns (18.041%)  route 7.900ns (81.959%))
  Logic Levels:           3  (IBUF=1 LUT2=2)

    Location             Delay type                Incr(ns)  Path(ns)    Netlist Resource(s)
  -------------------------------------------------------------------    -------------------
    A18                                               0.000     0.000 f  rst (IN)
                         net (fo=0)                   0.000     0.000    rst
    A18                  IBUF (Prop_ibuf_I_O)         1.463     1.463 f  rst_IBUF_inst/O
                         net (fo=4, routed)           4.403     5.866    U00_RST/rst_IBUF
    SLICE_X37Y34         LUT2 (Prop_lut2_I0_O)        0.124     5.990 f  U00_RST/buffer_data_saved_i_2/O
                         net (fo=405, routed)         1.799     7.790    U05_SPI/SPI/CLK_MAN/rst_ext_pack
    SLICE_X29Y37         LUT2 (Prop_lut2_I1_O)        0.152     7.942 f  U05_SPI/SPI/CLK_MAN/clk_prescaled_intern_i_1__1/O
                         net (fo=74, routed)          1.698     9.639    U05_SPI/SPI/SER/comb_pres_rst
    SLICE_X29Y47         FDCE                                         f  U05_SPI/SPI/SER/counter_fal_reg[24]/CLR
  -------------------------------------------------------------------    -------------------

Slack:                    inf
  Source:                 rst
                            (input port)
  Destination:            U05_SPI/SPI/SER/counter_fal_reg[25]/CLR
  Path Group:             (none)
  Path Type:              Max at Slow Process Corner
  Data Path Delay:        9.639ns  (logic 1.739ns (18.041%)  route 7.900ns (81.959%))
  Logic Levels:           3  (IBUF=1 LUT2=2)

    Location             Delay type                Incr(ns)  Path(ns)    Netlist Resource(s)
  -------------------------------------------------------------------    -------------------
    A18                                               0.000     0.000 f  rst (IN)
                         net (fo=0)                   0.000     0.000    rst
    A18                  IBUF (Prop_ibuf_I_O)         1.463     1.463 f  rst_IBUF_inst/O
                         net (fo=4, routed)           4.403     5.866    U00_RST/rst_IBUF
    SLICE_X37Y34         LUT2 (Prop_lut2_I0_O)        0.124     5.990 f  U00_RST/buffer_data_saved_i_2/O
                         net (fo=405, routed)         1.799     7.790    U05_SPI/SPI/CLK_MAN/rst_ext_pack
    SLICE_X29Y37         LUT2 (Prop_lut2_I1_O)        0.152     7.942 f  U05_SPI/SPI/CLK_MAN/clk_prescaled_intern_i_1__1/O
                         net (fo=74, routed)          1.698     9.639    U05_SPI/SPI/SER/comb_pres_rst
    SLICE_X29Y47         FDCE                                         f  U05_SPI/SPI/SER/counter_fal_reg[25]/CLR
  -------------------------------------------------------------------    -------------------

Slack:                    inf
  Source:                 rst
                            (input port)
  Destination:            U05_SPI/SPI/SER/counter_fal_reg[26]/CLR
  Path Group:             (none)
  Path Type:              Max at Slow Process Corner
  Data Path Delay:        9.639ns  (logic 1.739ns (18.041%)  route 7.900ns (81.959%))
  Logic Levels:           3  (IBUF=1 LUT2=2)

    Location             Delay type                Incr(ns)  Path(ns)    Netlist Resource(s)
  -------------------------------------------------------------------    -------------------
    A18                                               0.000     0.000 f  rst (IN)
                         net (fo=0)                   0.000     0.000    rst
    A18                  IBUF (Prop_ibuf_I_O)         1.463     1.463 f  rst_IBUF_inst/O
                         net (fo=4, routed)           4.403     5.866    U00_RST/rst_IBUF
    SLICE_X37Y34         LUT2 (Prop_lut2_I0_O)        0.124     5.990 f  U00_RST/buffer_data_saved_i_2/O
                         net (fo=405, routed)         1.799     7.790    U05_SPI/SPI/CLK_MAN/rst_ext_pack
    SLICE_X29Y37         LUT2 (Prop_lut2_I1_O)        0.152     7.942 f  U05_SPI/SPI/CLK_MAN/clk_prescaled_intern_i_1__1/O
                         net (fo=74, routed)          1.698     9.639    U05_SPI/SPI/SER/comb_pres_rst
    SLICE_X29Y47         FDCE                                         f  U05_SPI/SPI/SER/counter_fal_reg[26]/CLR
  -------------------------------------------------------------------    -------------------

Slack:                    inf
  Source:                 rst
                            (input port)
  Destination:            U05_SPI/SPI/SER/counter_fal_reg[27]/CLR
  Path Group:             (none)
  Path Type:              Max at Slow Process Corner
  Data Path Delay:        9.639ns  (logic 1.739ns (18.041%)  route 7.900ns (81.959%))
  Logic Levels:           3  (IBUF=1 LUT2=2)

    Location             Delay type                Incr(ns)  Path(ns)    Netlist Resource(s)
  -------------------------------------------------------------------    -------------------
    A18                                               0.000     0.000 f  rst (IN)
                         net (fo=0)                   0.000     0.000    rst
    A18                  IBUF (Prop_ibuf_I_O)         1.463     1.463 f  rst_IBUF_inst/O
                         net (fo=4, routed)           4.403     5.866    U00_RST/rst_IBUF
    SLICE_X37Y34         LUT2 (Prop_lut2_I0_O)        0.124     5.990 f  U00_RST/buffer_data_saved_i_2/O
                         net (fo=405, routed)         1.799     7.790    U05_SPI/SPI/CLK_MAN/rst_ext_pack
    SLICE_X29Y37         LUT2 (Prop_lut2_I1_O)        0.152     7.942 f  U05_SPI/SPI/CLK_MAN/clk_prescaled_intern_i_1__1/O
                         net (fo=74, routed)          1.698     9.639    U05_SPI/SPI/SER/comb_pres_rst
    SLICE_X29Y47         FDCE                                         f  U05_SPI/SPI/SER/counter_fal_reg[27]/CLR
  -------------------------------------------------------------------    -------------------

Slack:                    inf
  Source:                 rst
                            (input port)
  Destination:            U05_SPI/SPI/SER/counter_fal_reg[20]/CLR
  Path Group:             (none)
  Path Type:              Max at Slow Process Corner
  Data Path Delay:        9.491ns  (logic 1.739ns (18.323%)  route 7.752ns (81.677%))
  Logic Levels:           3  (IBUF=1 LUT2=2)

    Location             Delay type                Incr(ns)  Path(ns)    Netlist Resource(s)
  -------------------------------------------------------------------    -------------------
    A18                                               0.000     0.000 f  rst (IN)
                         net (fo=0)                   0.000     0.000    rst
    A18                  IBUF (Prop_ibuf_I_O)         1.463     1.463 f  rst_IBUF_inst/O
                         net (fo=4, routed)           4.403     5.866    U00_RST/rst_IBUF
    SLICE_X37Y34         LUT2 (Prop_lut2_I0_O)        0.124     5.990 f  U00_RST/buffer_data_saved_i_2/O
                         net (fo=405, routed)         1.799     7.790    U05_SPI/SPI/CLK_MAN/rst_ext_pack
    SLICE_X29Y37         LUT2 (Prop_lut2_I1_O)        0.152     7.942 f  U05_SPI/SPI/CLK_MAN/clk_prescaled_intern_i_1__1/O
                         net (fo=74, routed)          1.549     9.491    U05_SPI/SPI/SER/comb_pres_rst
    SLICE_X29Y46         FDCE                                         f  U05_SPI/SPI/SER/counter_fal_reg[20]/CLR
  -------------------------------------------------------------------    -------------------

Slack:                    inf
  Source:                 rst
                            (input port)
  Destination:            U05_SPI/SPI/SER/counter_fal_reg[21]/CLR
  Path Group:             (none)
  Path Type:              Max at Slow Process Corner
  Data Path Delay:        9.491ns  (logic 1.739ns (18.323%)  route 7.752ns (81.677%))
  Logic Levels:           3  (IBUF=1 LUT2=2)

    Location             Delay type                Incr(ns)  Path(ns)    Netlist Resource(s)
  -------------------------------------------------------------------    -------------------
    A18                                               0.000     0.000 f  rst (IN)
                         net (fo=0)                   0.000     0.000    rst
    A18                  IBUF (Prop_ibuf_I_O)         1.463     1.463 f  rst_IBUF_inst/O
                         net (fo=4, routed)           4.403     5.866    U00_RST/rst_IBUF
    SLICE_X37Y34         LUT2 (Prop_lut2_I0_O)        0.124     5.990 f  U00_RST/buffer_data_saved_i_2/O
                         net (fo=405, routed)         1.799     7.790    U05_SPI/SPI/CLK_MAN/rst_ext_pack
    SLICE_X29Y37         LUT2 (Prop_lut2_I1_O)        0.152     7.942 f  U05_SPI/SPI/CLK_MAN/clk_prescaled_intern_i_1__1/O
                         net (fo=74, routed)          1.549     9.491    U05_SPI/SPI/SER/comb_pres_rst
    SLICE_X29Y46         FDCE                                         f  U05_SPI/SPI/SER/counter_fal_reg[21]/CLR
  -------------------------------------------------------------------    -------------------





Min Delay Paths
--------------------------------------------------------------------------------------
Slack:                    inf
  Source:                 UART_HOST/RECEIVER/DESER/reg_reg[5]/C
                            (rising edge-triggered cell FDCE)
  Destination:            UART_HOST/RECEIVER/DESER/reg_reg[4]/D
  Path Group:             (none)
  Path Type:              Min at Fast Process Corner
  Data Path Delay:        0.244ns  (logic 0.128ns (52.542%)  route 0.116ns (47.458%))
  Logic Levels:           1  (FDCE=1)

    Location             Delay type                Incr(ns)  Path(ns)    Netlist Resource(s)
  -------------------------------------------------------------------    -------------------
    SLICE_X31Y33         FDCE                         0.000     0.000 r  UART_HOST/RECEIVER/DESER/reg_reg[5]/C
    SLICE_X31Y33         FDCE (Prop_fdce_C_Q)         0.128     0.128 r  UART_HOST/RECEIVER/DESER/reg_reg[5]/Q
                         net (fo=2, routed)           0.116     0.244    UART_HOST/RECEIVER/DESER/data0[3]
    SLICE_X31Y34         FDCE                                         r  UART_HOST/RECEIVER/DESER/reg_reg[4]/D
  -------------------------------------------------------------------    -------------------

Slack:                    inf
  Source:                 UART_HOST/TRANSMITTER/SER/reg_reg[0]/C
                            (rising edge-triggered cell FDPE)
  Destination:            UART_HOST/TRANSMITTER/SER/serial_out_reg/D
  Path Group:             (none)
  Path Type:              Min at Fast Process Corner
  Data Path Delay:        0.257ns  (logic 0.141ns (54.828%)  route 0.116ns (45.172%))
  Logic Levels:           1  (FDPE=1)

    Location             Delay type                Incr(ns)  Path(ns)    Netlist Resource(s)
  -------------------------------------------------------------------    -------------------
    SLICE_X47Y27         FDPE                         0.000     0.000 r  UART_HOST/TRANSMITTER/SER/reg_reg[0]/C
    SLICE_X47Y27         FDPE (Prop_fdpe_C_Q)         0.141     0.141 r  UART_HOST/TRANSMITTER/SER/reg_reg[0]/Q
                         net (fo=1, routed)           0.116     0.257    UART_HOST/TRANSMITTER/SER/reg_reg_n_0_[0]
    SLICE_X46Y27         FDPE                                         r  UART_HOST/TRANSMITTER/SER/serial_out_reg/D
  -------------------------------------------------------------------    -------------------

Slack:                    inf
  Source:                 UART_HOST/RECEIVER/DESER/reg_reg[3]/C
                            (rising edge-triggered cell FDCE)
  Destination:            UART_HOST/RECEIVER/DESER/reg_reg[2]/D
  Path Group:             (none)
  Path Type:              Min at Fast Process Corner
  Data Path Delay:        0.259ns  (logic 0.141ns (54.358%)  route 0.118ns (45.642%))
  Logic Levels:           1  (FDCE=1)

    Location             Delay type                Incr(ns)  Path(ns)    Netlist Resource(s)
  -------------------------------------------------------------------    -------------------
    SLICE_X31Y34         FDCE                         0.000     0.000 r  UART_HOST/RECEIVER/DESER/reg_reg[3]/C
    SLICE_X31Y34         FDCE (Prop_fdce_C_Q)         0.141     0.141 r  UART_HOST/RECEIVER/DESER/reg_reg[3]/Q
                         net (fo=2, routed)           0.118     0.259    UART_HOST/RECEIVER/DESER/data0[1]
    SLICE_X29Y35         FDCE                                         r  UART_HOST/RECEIVER/DESER/reg_reg[2]/D
  -------------------------------------------------------------------    -------------------

Slack:                    inf
  Source:                 U02_UART/UART/RECEIVER/DESER/reg_reg[7]/C
                            (rising edge-triggered cell FDCE)
  Destination:            U02_UART/UART/RECEIVER/DESER/reg_reg[6]/D
  Path Group:             (none)
  Path Type:              Min at Fast Process Corner
  Data Path Delay:        0.268ns  (logic 0.141ns (52.649%)  route 0.127ns (47.351%))
  Logic Levels:           1  (FDCE=1)

    Location             Delay type                Incr(ns)  Path(ns)    Netlist Resource(s)
  -------------------------------------------------------------------    -------------------
    SLICE_X44Y33         FDCE                         0.000     0.000 r  U02_UART/UART/RECEIVER/DESER/reg_reg[7]/C
    SLICE_X44Y33         FDCE (Prop_fdce_C_Q)         0.141     0.141 r  U02_UART/UART/RECEIVER/DESER/reg_reg[7]/Q
                         net (fo=2, routed)           0.127     0.268    U02_UART/UART/RECEIVER/DESER/data0[5]
    SLICE_X44Y34         FDCE                                         r  U02_UART/UART/RECEIVER/DESER/reg_reg[6]/D
  -------------------------------------------------------------------    -------------------

Slack:                    inf
  Source:                 UART_HOST/RECEIVER/DESER/reg_reg[6]/C
                            (rising edge-triggered cell FDCE)
  Destination:            UART_HOST/RECEIVER/DESER/reg_reg[5]/D
  Path Group:             (none)
  Path Type:              Min at Fast Process Corner
  Data Path Delay:        0.269ns  (logic 0.141ns (52.485%)  route 0.128ns (47.515%))
  Logic Levels:           1  (FDCE=1)

    Location             Delay type                Incr(ns)  Path(ns)    Netlist Resource(s)
  -------------------------------------------------------------------    -------------------
    SLICE_X31Y33         FDCE                         0.000     0.000 r  UART_HOST/RECEIVER/DESER/reg_reg[6]/C
    SLICE_X31Y33         FDCE (Prop_fdce_C_Q)         0.141     0.141 r  UART_HOST/RECEIVER/DESER/reg_reg[6]/Q
                         net (fo=2, routed)           0.128     0.269    UART_HOST/RECEIVER/DESER/data0[4]
    SLICE_X31Y33         FDCE                                         r  UART_HOST/RECEIVER/DESER/reg_reg[5]/D
  -------------------------------------------------------------------    -------------------

Slack:                    inf
  Source:                 U02_UART/UART/RECEIVER/DESER/reg_reg[5]/C
                            (rising edge-triggered cell FDCE)
  Destination:            U02_UART/UART/RECEIVER/DESER/reg_reg[4]/D
  Path Group:             (none)
  Path Type:              Min at Fast Process Corner
  Data Path Delay:        0.319ns  (logic 0.128ns (40.067%)  route 0.191ns (59.933%))
  Logic Levels:           1  (FDCE=1)

    Location             Delay type                Incr(ns)  Path(ns)    Netlist Resource(s)
  -------------------------------------------------------------------    -------------------
    SLICE_X44Y34         FDCE                         0.000     0.000 r  U02_UART/UART/RECEIVER/DESER/reg_reg[5]/C
    SLICE_X44Y34         FDCE (Prop_fdce_C_Q)         0.128     0.128 r  U02_UART/UART/RECEIVER/DESER/reg_reg[5]/Q
                         net (fo=2, routed)           0.191     0.319    U02_UART/UART/RECEIVER/DESER/data0[3]
    SLICE_X44Y34         FDCE                                         r  U02_UART/UART/RECEIVER/DESER/reg_reg[4]/D
  -------------------------------------------------------------------    -------------------

Slack:                    inf
  Source:                 UART_HOST/RECEIVER/DESER/reg_reg[8]/C
                            (rising edge-triggered cell FDCE)
  Destination:            UART_HOST/RECEIVER/DESER/reg_reg[7]/D
  Path Group:             (none)
  Path Type:              Min at Fast Process Corner
  Data Path Delay:        0.321ns  (logic 0.141ns (43.916%)  route 0.180ns (56.084%))
  Logic Levels:           1  (FDCE=1)

    Location             Delay type                Incr(ns)  Path(ns)    Netlist Resource(s)
  -------------------------------------------------------------------    -------------------
    SLICE_X29Y35         FDCE                         0.000     0.000 r  UART_HOST/RECEIVER/DESER/reg_reg[8]/C
    SLICE_X29Y35         FDCE (Prop_fdce_C_Q)         0.141     0.141 r  UART_HOST/RECEIVER/DESER/reg_reg[8]/Q
                         net (fo=2, routed)           0.180     0.321    UART_HOST/RECEIVER/DESER/data0[6]
    SLICE_X31Y33         FDCE                                         r  UART_HOST/RECEIVER/DESER/reg_reg[7]/D
  -------------------------------------------------------------------    -------------------

Slack:                    inf
  Source:                 UART_HOST/RECEIVER/DESER/reg_reg[7]/C
                            (rising edge-triggered cell FDCE)
  Destination:            UART_HOST/RECEIVER/DESER/reg_reg[6]/D
  Path Group:             (none)
  Path Type:              Min at Fast Process Corner
  Data Path Delay:        0.322ns  (logic 0.141ns (43.747%)  route 0.181ns (56.253%))
  Logic Levels:           1  (FDCE=1)

    Location             Delay type                Incr(ns)  Path(ns)    Netlist Resource(s)
  -------------------------------------------------------------------    -------------------
    SLICE_X31Y33         FDCE                         0.000     0.000 r  UART_HOST/RECEIVER/DESER/reg_reg[7]/C
    SLICE_X31Y33         FDCE (Prop_fdce_C_Q)         0.141     0.141 r  UART_HOST/RECEIVER/DESER/reg_reg[7]/Q
                         net (fo=2, routed)           0.181     0.322    UART_HOST/RECEIVER/DESER/data0[5]
    SLICE_X31Y33         FDCE                                         r  UART_HOST/RECEIVER/DESER/reg_reg[6]/D
  -------------------------------------------------------------------    -------------------

Slack:                    inf
  Source:                 U02_UART/UART/RECEIVER/DESER/reg_reg[6]/C
                            (rising edge-triggered cell FDCE)
  Destination:            U02_UART/UART/RECEIVER/DESER/reg_reg[5]/D
  Path Group:             (none)
  Path Type:              Min at Fast Process Corner
  Data Path Delay:        0.324ns  (logic 0.128ns (39.475%)  route 0.196ns (60.525%))
  Logic Levels:           1  (FDCE=1)

    Location             Delay type                Incr(ns)  Path(ns)    Netlist Resource(s)
  -------------------------------------------------------------------    -------------------
    SLICE_X44Y34         FDCE                         0.000     0.000 r  U02_UART/UART/RECEIVER/DESER/reg_reg[6]/C
    SLICE_X44Y34         FDCE (Prop_fdce_C_Q)         0.128     0.128 r  U02_UART/UART/RECEIVER/DESER/reg_reg[6]/Q
                         net (fo=2, routed)           0.196     0.324    U02_UART/UART/RECEIVER/DESER/data0[4]
    SLICE_X44Y34         FDCE                                         r  U02_UART/UART/RECEIVER/DESER/reg_reg[5]/D
  -------------------------------------------------------------------    -------------------

Slack:                    inf
  Source:                 UART_HOST/RECEIVER/DESER/counter_reg[31]/C
                            (rising edge-triggered cell FDCE)
  Destination:            UART_HOST/RECEIVER/DESER/data_valid_reg/D
  Path Group:             (none)
  Path Type:              Min at Fast Process Corner
  Data Path Delay:        0.327ns  (logic 0.186ns (56.905%)  route 0.141ns (43.095%))
  Logic Levels:           2  (FDCE=1 LUT6=1)

    Location             Delay type                Incr(ns)  Path(ns)    Netlist Resource(s)
  -------------------------------------------------------------------    -------------------
    SLICE_X29Y33         FDCE                         0.000     0.000 r  UART_HOST/RECEIVER/DESER/counter_reg[31]/C
    SLICE_X29Y33         FDCE (Prop_fdce_C_Q)         0.141     0.141 f  UART_HOST/RECEIVER/DESER/counter_reg[31]/Q
                         net (fo=5, routed)           0.141     0.282    UART_HOST/RECEIVER/DESER/counter_reg[31]
    SLICE_X31Y33         LUT6 (Prop_lut6_I0_O)        0.045     0.327 r  UART_HOST/RECEIVER/DESER/data_valid_i_1/O
                         net (fo=1, routed)           0.000     0.327    UART_HOST/RECEIVER/DESER/data_valid
    SLICE_X31Y33         FDCE                                         r  UART_HOST/RECEIVER/DESER/data_valid_reg/D
  -------------------------------------------------------------------    -------------------





--------------------------------------------------------------------------------------
Path Group:  (none)
From Clock:  sys_clk_pin
  To Clock:  

Max Delay           376 Endpoints
Min Delay           376 Endpoints
--------------------------------------------------------------------------------------


Max Delay Paths
--------------------------------------------------------------------------------------
Slack:                    inf
  Source:                 U03_GPIO/GPIO/gpio_data_out_reg[1]/C
                            (rising edge-triggered cell FDRE clocked by sys_clk_pin  {rise@0.000ns fall@41.660ns period=83.330ns})
  Destination:            gpio_pins_out[1]
                            (output port)
  Path Group:             (none)
  Path Type:              Max at Slow Process Corner
  Data Path Delay:        9.095ns  (logic 3.964ns (43.586%)  route 5.131ns (56.414%))
  Logic Levels:           1  (OBUF=1)
  Clock Uncertainty:      0.025ns  ((TSJ^2 + TIJ^2)^1/2 + DJ) / 2 + PE
    Total System Jitter     (TSJ):    0.050ns
    Total Input Jitter      (TIJ):    0.000ns
    Discrete Jitter          (DJ):    0.000ns
    Phase Error              (PE):    0.000ns

    Location             Delay type                Incr(ns)  Path(ns)    Netlist Resource(s)
  -------------------------------------------------------------------    -------------------
                         (clock sys_clk_pin rise edge)
                                                      0.000     0.000 r  
    L17                                               0.000     0.000 r  clk (IN)
                         net (fo=0)                   0.000     0.000    clk
    L17                  IBUF (Prop_ibuf_I_O)         1.476     1.476 r  clk_IBUF_inst/O
                         net (fo=1, routed)           1.972     3.448    clk_IBUF
    BUFGCTRL_X0Y1        BUFG (Prop_bufg_I_O)         0.096     3.544 r  clk_IBUF_BUFG_inst/O
                         net (fo=582, routed)         1.562     5.106    U03_GPIO/GPIO/clk_IBUF_BUFG
    SLICE_X33Y38         FDRE                                         r  U03_GPIO/GPIO/gpio_data_out_reg[1]/C
  -------------------------------------------------------------------    -------------------
    SLICE_X33Y38         FDRE (Prop_fdre_C_Q)         0.456     5.562 r  U03_GPIO/GPIO/gpio_data_out_reg[1]/Q
                         net (fo=1, routed)           5.131    10.693    gpio_pins_out_OBUF[1]
    A17                  OBUF (Prop_obuf_I_O)         3.508    14.201 r  gpio_pins_out_OBUF[1]_inst/O
                         net (fo=0)                   0.000    14.201    gpio_pins_out[1]
    A17                                                               r  gpio_pins_out[1] (OUT)
  -------------------------------------------------------------------    -------------------

Slack:                    inf
  Source:                 U05_SPI/SPI/CLK_MAN/enable_clk_reg/C
                            (rising edge-triggered cell FDRE clocked by sys_clk_pin  {rise@0.000ns fall@41.660ns period=83.330ns})
  Destination:            spi_sck
                            (output port)
  Path Group:             (none)
  Path Type:              Max at Slow Process Corner
  Data Path Delay:        8.711ns  (logic 4.317ns (49.561%)  route 4.394ns (50.439%))
  Logic Levels:           3  (BUFG=1 LUT2=1 OBUF=1)
  Clock Uncertainty:      0.025ns  ((TSJ^2 + TIJ^2)^1/2 + DJ) / 2 + PE
    Total System Jitter     (TSJ):    0.050ns
    Total Input Jitter      (TIJ):    0.000ns
    Discrete Jitter          (DJ):    0.000ns
    Phase Error              (PE):    0.000ns

    Location             Delay type                Incr(ns)  Path(ns)    Netlist Resource(s)
  -------------------------------------------------------------------    -------------------
                         (clock sys_clk_pin rise edge)
                                                      0.000     0.000 r  
    L17                                               0.000     0.000 r  clk (IN)
                         net (fo=0)                   0.000     0.000    clk
    L17                  IBUF (Prop_ibuf_I_O)         1.476     1.476 r  clk_IBUF_inst/O
                         net (fo=1, routed)           1.972     3.448    clk_IBUF
    BUFGCTRL_X0Y1        BUFG (Prop_bufg_I_O)         0.096     3.544 r  clk_IBUF_BUFG_inst/O
                         net (fo=582, routed)         1.564     5.108    U05_SPI/SPI/CLK_MAN/clk_IBUF_BUFG
    SLICE_X39Y41         FDRE                                         r  U05_SPI/SPI/CLK_MAN/enable_clk_reg/C
  -------------------------------------------------------------------    -------------------
    SLICE_X39Y41         FDRE (Prop_fdre_C_Q)         0.419     5.527 f  U05_SPI/SPI/CLK_MAN/enable_clk_reg/Q
                         net (fo=1, routed)           0.591     6.118    U05_SPI/SPI/PRESCAL/counter_fal_reg[0]
    SLICE_X36Y42         LUT2 (Prop_lut2_I1_O)        0.299     6.417 r  U05_SPI/SPI/PRESCAL/spi_sck_OBUF_BUFG_inst_i_1/O
                         net (fo=1, routed)           0.868     7.286    spi_sck_OBUF
    BUFGCTRL_X0Y0        BUFG (Prop_bufg_I_O)         0.096     7.382 r  spi_sck_OBUF_BUFG_inst/O
                         net (fo=75, routed)          2.934    10.316    spi_sck_OBUF_BUFG
    L18                  OBUF (Prop_obuf_I_O)         3.503    13.819 r  spi_sck_OBUF_inst/O
                         net (fo=0)                   0.000    13.819    spi_sck
    L18                                                               r  spi_sck (OUT)
  -------------------------------------------------------------------    -------------------

Slack:                    inf
  Source:                 U03_GPIO/GPIO/gpio_data_out_reg[0]/C
                            (rising edge-triggered cell FDRE clocked by sys_clk_pin  {rise@0.000ns fall@41.660ns period=83.330ns})
  Destination:            gpio_pins_out[0]
                            (output port)
  Path Group:             (none)
  Path Type:              Max at Slow Process Corner
  Data Path Delay:        8.394ns  (logic 3.948ns (47.037%)  route 4.446ns (52.963%))
  Logic Levels:           1  (OBUF=1)
  Clock Uncertainty:      0.025ns  ((TSJ^2 + TIJ^2)^1/2 + DJ) / 2 + PE
    Total System Jitter     (TSJ):    0.050ns
    Total Input Jitter      (TIJ):    0.000ns
    Discrete Jitter          (DJ):    0.000ns
    Phase Error              (PE):    0.000ns

    Location             Delay type                Incr(ns)  Path(ns)    Netlist Resource(s)
  -------------------------------------------------------------------    -------------------
                         (clock sys_clk_pin rise edge)
                                                      0.000     0.000 r  
    L17                                               0.000     0.000 r  clk (IN)
                         net (fo=0)                   0.000     0.000    clk
    L17                  IBUF (Prop_ibuf_I_O)         1.476     1.476 r  clk_IBUF_inst/O
                         net (fo=1, routed)           1.972     3.448    clk_IBUF
    BUFGCTRL_X0Y1        BUFG (Prop_bufg_I_O)         0.096     3.544 r  clk_IBUF_BUFG_inst/O
                         net (fo=582, routed)         1.562     5.106    U03_GPIO/GPIO/clk_IBUF_BUFG
    SLICE_X33Y38         FDRE                                         r  U03_GPIO/GPIO/gpio_data_out_reg[0]/C
  -------------------------------------------------------------------    -------------------
    SLICE_X33Y38         FDRE (Prop_fdre_C_Q)         0.456     5.562 r  U03_GPIO/GPIO/gpio_data_out_reg[0]/Q
                         net (fo=1, routed)           4.446    10.008    gpio_pins_out_OBUF[0]
    C16                  OBUF (Prop_obuf_I_O)         3.492    13.500 r  gpio_pins_out_OBUF[0]_inst/O
                         net (fo=0)                   0.000    13.500    gpio_pins_out[0]
    C16                                                               r  gpio_pins_out[0] (OUT)
  -------------------------------------------------------------------    -------------------

Slack:                    inf
  Source:                 U03_GPIO/GPIO/gpio_data_out_reg[5]/C
                            (rising edge-triggered cell FDRE clocked by sys_clk_pin  {rise@0.000ns fall@41.660ns period=83.330ns})
  Destination:            gpio_pins_out[5]
                            (output port)
  Path Group:             (none)
  Path Type:              Max at Slow Process Corner
  Data Path Delay:        6.759ns  (logic 4.110ns (60.801%)  route 2.650ns (39.199%))
  Logic Levels:           1  (OBUF=1)
  Clock Uncertainty:      0.025ns  ((TSJ^2 + TIJ^2)^1/2 + DJ) / 2 + PE
    Total System Jitter     (TSJ):    0.050ns
    Total Input Jitter      (TIJ):    0.000ns
    Discrete Jitter          (DJ):    0.000ns
    Phase Error              (PE):    0.000ns

    Location             Delay type                Incr(ns)  Path(ns)    Netlist Resource(s)
  -------------------------------------------------------------------    -------------------
                         (clock sys_clk_pin rise edge)
                                                      0.000     0.000 r  
    L17                                               0.000     0.000 r  clk (IN)
                         net (fo=0)                   0.000     0.000    clk
    L17                  IBUF (Prop_ibuf_I_O)         1.476     1.476 r  clk_IBUF_inst/O
                         net (fo=1, routed)           1.972     3.448    clk_IBUF
    BUFGCTRL_X0Y1        BUFG (Prop_bufg_I_O)         0.096     3.544 r  clk_IBUF_BUFG_inst/O
                         net (fo=582, routed)         1.562     5.106    U03_GPIO/GPIO/clk_IBUF_BUFG
    SLICE_X33Y38         FDRE                                         r  U03_GPIO/GPIO/gpio_data_out_reg[5]/C
  -------------------------------------------------------------------    -------------------
    SLICE_X33Y38         FDRE (Prop_fdre_C_Q)         0.419     5.525 r  U03_GPIO/GPIO/gpio_data_out_reg[5]/Q
                         net (fo=1, routed)           2.650     8.175    gpio_pins_out_OBUF[5]
    K18                  OBUF (Prop_obuf_I_O)         3.691    11.865 r  gpio_pins_out_OBUF[5]_inst/O
                         net (fo=0)                   0.000    11.865    gpio_pins_out[5]
    K18                                                               r  gpio_pins_out[5] (OUT)
  -------------------------------------------------------------------    -------------------

Slack:                    inf
  Source:                 U05_SPI/SPI/CLK_MAN/CS_reg[0]/C
                            (rising edge-triggered cell FDSE clocked by sys_clk_pin  {rise@0.000ns fall@41.660ns period=83.330ns})
  Destination:            spi_cs[0]
                            (output port)
  Path Group:             (none)
  Path Type:              Max at Slow Process Corner
  Data Path Delay:        6.610ns  (logic 3.985ns (60.289%)  route 2.625ns (39.711%))
  Logic Levels:           1  (OBUF=1)
  Clock Uncertainty:      0.025ns  ((TSJ^2 + TIJ^2)^1/2 + DJ) / 2 + PE
    Total System Jitter     (TSJ):    0.050ns
    Total Input Jitter      (TIJ):    0.000ns
    Discrete Jitter          (DJ):    0.000ns
    Phase Error              (PE):    0.000ns

    Location             Delay type                Incr(ns)  Path(ns)    Netlist Resource(s)
  -------------------------------------------------------------------    -------------------
                         (clock sys_clk_pin rise edge)
                                                      0.000     0.000 r  
    L17                                               0.000     0.000 r  clk (IN)
                         net (fo=0)                   0.000     0.000    clk
    L17                  IBUF (Prop_ibuf_I_O)         1.476     1.476 r  clk_IBUF_inst/O
                         net (fo=1, routed)           1.972     3.448    clk_IBUF
    BUFGCTRL_X0Y1        BUFG (Prop_bufg_I_O)         0.096     3.544 r  clk_IBUF_BUFG_inst/O
                         net (fo=582, routed)         1.565     5.109    U05_SPI/SPI/CLK_MAN/clk_IBUF_BUFG
    SLICE_X36Y43         FDSE                                         r  U05_SPI/SPI/CLK_MAN/CS_reg[0]/C
  -------------------------------------------------------------------    -------------------
    SLICE_X36Y43         FDSE (Prop_fdse_C_Q)         0.456     5.565 r  U05_SPI/SPI/CLK_MAN/CS_reg[0]/Q
                         net (fo=1, routed)           2.625     8.190    spi_cs_OBUF[0]
    G17                  OBUF (Prop_obuf_I_O)         3.529    11.719 r  spi_cs_OBUF[0]_inst/O
                         net (fo=0)                   0.000    11.719    spi_cs[0]
    G17                                                               r  spi_cs[0] (OUT)
  -------------------------------------------------------------------    -------------------

Slack:                    inf
  Source:                 U03_GPIO/GPIO/gpio_data_out_reg[3]/C
                            (rising edge-triggered cell FDRE clocked by sys_clk_pin  {rise@0.000ns fall@41.660ns period=83.330ns})
  Destination:            gpio_pins_out[3]
                            (output port)
  Path Group:             (none)
  Path Type:              Max at Slow Process Corner
  Data Path Delay:        6.563ns  (logic 3.975ns (60.573%)  route 2.588ns (39.427%))
  Logic Levels:           1  (OBUF=1)
  Clock Uncertainty:      0.025ns  ((TSJ^2 + TIJ^2)^1/2 + DJ) / 2 + PE
    Total System Jitter     (TSJ):    0.050ns
    Total Input Jitter      (TIJ):    0.000ns
    Discrete Jitter          (DJ):    0.000ns
    Phase Error              (PE):    0.000ns

    Location             Delay type                Incr(ns)  Path(ns)    Netlist Resource(s)
  -------------------------------------------------------------------    -------------------
                         (clock sys_clk_pin rise edge)
                                                      0.000     0.000 r  
    L17                                               0.000     0.000 r  clk (IN)
                         net (fo=0)                   0.000     0.000    clk
    L17                  IBUF (Prop_ibuf_I_O)         1.476     1.476 r  clk_IBUF_inst/O
                         net (fo=1, routed)           1.972     3.448    clk_IBUF
    BUFGCTRL_X0Y1        BUFG (Prop_bufg_I_O)         0.096     3.544 r  clk_IBUF_BUFG_inst/O
                         net (fo=582, routed)         1.562     5.106    U03_GPIO/GPIO/clk_IBUF_BUFG
    SLICE_X33Y38         FDRE                                         r  U03_GPIO/GPIO/gpio_data_out_reg[3]/C
  -------------------------------------------------------------------    -------------------
    SLICE_X33Y38         FDRE (Prop_fdre_C_Q)         0.456     5.562 r  U03_GPIO/GPIO/gpio_data_out_reg[3]/Q
                         net (fo=1, routed)           2.588     8.150    gpio_pins_out_OBUF[3]
    H19                  OBUF (Prop_obuf_I_O)         3.519    11.669 r  gpio_pins_out_OBUF[3]_inst/O
                         net (fo=0)                   0.000    11.669    gpio_pins_out[3]
    H19                                                               r  gpio_pins_out[3] (OUT)
  -------------------------------------------------------------------    -------------------

Slack:                    inf
  Source:                 U03_GPIO/GPIO/gpio_data_out_reg[4]/C
                            (rising edge-triggered cell FDRE clocked by sys_clk_pin  {rise@0.000ns fall@41.660ns period=83.330ns})
  Destination:            gpio_pins_out[4]
                            (output port)
  Path Group:             (none)
  Path Type:              Max at Slow Process Corner
  Data Path Delay:        6.524ns  (logic 4.118ns (63.121%)  route 2.406ns (36.879%))
  Logic Levels:           1  (OBUF=1)
  Clock Uncertainty:      0.025ns  ((TSJ^2 + TIJ^2)^1/2 + DJ) / 2 + PE
    Total System Jitter     (TSJ):    0.050ns
    Total Input Jitter      (TIJ):    0.000ns
    Discrete Jitter          (DJ):    0.000ns
    Phase Error              (PE):    0.000ns

    Location             Delay type                Incr(ns)  Path(ns)    Netlist Resource(s)
  -------------------------------------------------------------------    -------------------
                         (clock sys_clk_pin rise edge)
                                                      0.000     0.000 r  
    L17                                               0.000     0.000 r  clk (IN)
                         net (fo=0)                   0.000     0.000    clk
    L17                  IBUF (Prop_ibuf_I_O)         1.476     1.476 r  clk_IBUF_inst/O
                         net (fo=1, routed)           1.972     3.448    clk_IBUF
    BUFGCTRL_X0Y1        BUFG (Prop_bufg_I_O)         0.096     3.544 r  clk_IBUF_BUFG_inst/O
                         net (fo=582, routed)         1.562     5.106    U03_GPIO/GPIO/clk_IBUF_BUFG
    SLICE_X33Y38         FDRE                                         r  U03_GPIO/GPIO/gpio_data_out_reg[4]/C
  -------------------------------------------------------------------    -------------------
    SLICE_X33Y38         FDRE (Prop_fdre_C_Q)         0.419     5.525 r  U03_GPIO/GPIO/gpio_data_out_reg[4]/Q
                         net (fo=1, routed)           2.406     7.931    gpio_pins_out_OBUF[4]
    J19                  OBUF (Prop_obuf_I_O)         3.699    11.630 r  gpio_pins_out_OBUF[4]_inst/O
                         net (fo=0)                   0.000    11.630    gpio_pins_out[4]
    J19                                                               r  gpio_pins_out[4] (OUT)
  -------------------------------------------------------------------    -------------------

Slack:                    inf
  Source:                 U03_GPIO/GPIO/gpio_data_out_reg[2]/C
                            (rising edge-triggered cell FDRE clocked by sys_clk_pin  {rise@0.000ns fall@41.660ns period=83.330ns})
  Destination:            gpio_pins_out[2]
                            (output port)
  Path Group:             (none)
  Path Type:              Max at Slow Process Corner
  Data Path Delay:        6.503ns  (logic 3.961ns (60.915%)  route 2.542ns (39.085%))
  Logic Levels:           1  (OBUF=1)
  Clock Uncertainty:      0.025ns  ((TSJ^2 + TIJ^2)^1/2 + DJ) / 2 + PE
    Total System Jitter     (TSJ):    0.050ns
    Total Input Jitter      (TIJ):    0.000ns
    Discrete Jitter          (DJ):    0.000ns
    Phase Error              (PE):    0.000ns

    Location             Delay type                Incr(ns)  Path(ns)    Netlist Resource(s)
  -------------------------------------------------------------------    -------------------
                         (clock sys_clk_pin rise edge)
                                                      0.000     0.000 r  
    L17                                               0.000     0.000 r  clk (IN)
                         net (fo=0)                   0.000     0.000    clk
    L17                  IBUF (Prop_ibuf_I_O)         1.476     1.476 r  clk_IBUF_inst/O
                         net (fo=1, routed)           1.972     3.448    clk_IBUF
    BUFGCTRL_X0Y1        BUFG (Prop_bufg_I_O)         0.096     3.544 r  clk_IBUF_BUFG_inst/O
                         net (fo=582, routed)         1.562     5.106    U03_GPIO/GPIO/clk_IBUF_BUFG
    SLICE_X33Y38         FDRE                                         r  U03_GPIO/GPIO/gpio_data_out_reg[2]/C
  -------------------------------------------------------------------    -------------------
    SLICE_X33Y38         FDRE (Prop_fdre_C_Q)         0.456     5.562 r  U03_GPIO/GPIO/gpio_data_out_reg[2]/Q
                         net (fo=1, routed)           2.542     8.104    gpio_pins_out_OBUF[2]
    H17                  OBUF (Prop_obuf_I_O)         3.505    11.609 r  gpio_pins_out_OBUF[2]_inst/O
                         net (fo=0)                   0.000    11.609    gpio_pins_out[2]
    H17                                                               r  gpio_pins_out[2] (OUT)
  -------------------------------------------------------------------    -------------------

Slack:                    inf
  Source:                 U00_RST/rst_ext_pack_reg/C
                            (rising edge-triggered cell FDRE clocked by sys_clk_pin  {rise@0.000ns fall@41.660ns period=83.330ns})
  Destination:            U05_SPI/SPI/SER/counter_fal_reg[28]/CLR
  Path Group:             (none)
  Path Type:              Max at Slow Process Corner
  Data Path Delay:        5.085ns  (logic 0.732ns (14.394%)  route 4.353ns (85.606%))
  Logic Levels:           2  (LUT2=2)
  Clock Uncertainty:      0.025ns  ((TSJ^2 + TIJ^2)^1/2 + DJ) / 2 + PE
    Total System Jitter     (TSJ):    0.050ns
    Total Input Jitter      (TIJ):    0.000ns
    Discrete Jitter          (DJ):    0.000ns
    Phase Error              (PE):    0.000ns

    Location             Delay type                Incr(ns)  Path(ns)    Netlist Resource(s)
  -------------------------------------------------------------------    -------------------
                         (clock sys_clk_pin rise edge)
                                                      0.000     0.000 r  
    L17                                               0.000     0.000 r  clk (IN)
                         net (fo=0)                   0.000     0.000    clk
    L17                  IBUF (Prop_ibuf_I_O)         1.476     1.476 r  clk_IBUF_inst/O
                         net (fo=1, routed)           1.972     3.448    clk_IBUF
    BUFGCTRL_X0Y1        BUFG (Prop_bufg_I_O)         0.096     3.544 r  clk_IBUF_BUFG_inst/O
                         net (fo=582, routed)         1.560     5.104    U00_RST/clk_IBUF_BUFG
    SLICE_X33Y36         FDRE                                         r  U00_RST/rst_ext_pack_reg/C
  -------------------------------------------------------------------    -------------------
    SLICE_X33Y36         FDRE (Prop_fdre_C_Q)         0.456     5.560 f  U00_RST/rst_ext_pack_reg/Q
                         net (fo=4, routed)           0.718     6.278    U00_RST/rst_unit
    SLICE_X37Y34         LUT2 (Prop_lut2_I1_O)        0.124     6.402 f  U00_RST/buffer_data_saved_i_2/O
                         net (fo=405, routed)         1.799     8.201    U05_SPI/SPI/CLK_MAN/rst_ext_pack
    SLICE_X29Y37         LUT2 (Prop_lut2_I1_O)        0.152     8.353 f  U05_SPI/SPI/CLK_MAN/clk_prescaled_intern_i_1__1/O
                         net (fo=74, routed)          1.836    10.189    U05_SPI/SPI/SER/comb_pres_rst
    SLICE_X29Y48         FDCE                                         f  U05_SPI/SPI/SER/counter_fal_reg[28]/CLR
  -------------------------------------------------------------------    -------------------

Slack:                    inf
  Source:                 U00_RST/rst_ext_pack_reg/C
                            (rising edge-triggered cell FDRE clocked by sys_clk_pin  {rise@0.000ns fall@41.660ns period=83.330ns})
  Destination:            U05_SPI/SPI/SER/counter_fal_reg[29]/CLR
  Path Group:             (none)
  Path Type:              Max at Slow Process Corner
  Data Path Delay:        5.085ns  (logic 0.732ns (14.394%)  route 4.353ns (85.606%))
  Logic Levels:           2  (LUT2=2)
  Clock Uncertainty:      0.025ns  ((TSJ^2 + TIJ^2)^1/2 + DJ) / 2 + PE
    Total System Jitter     (TSJ):    0.050ns
    Total Input Jitter      (TIJ):    0.000ns
    Discrete Jitter          (DJ):    0.000ns
    Phase Error              (PE):    0.000ns

    Location             Delay type                Incr(ns)  Path(ns)    Netlist Resource(s)
  -------------------------------------------------------------------    -------------------
                         (clock sys_clk_pin rise edge)
                                                      0.000     0.000 r  
    L17                                               0.000     0.000 r  clk (IN)
                         net (fo=0)                   0.000     0.000    clk
    L17                  IBUF (Prop_ibuf_I_O)         1.476     1.476 r  clk_IBUF_inst/O
                         net (fo=1, routed)           1.972     3.448    clk_IBUF
    BUFGCTRL_X0Y1        BUFG (Prop_bufg_I_O)         0.096     3.544 r  clk_IBUF_BUFG_inst/O
                         net (fo=582, routed)         1.560     5.104    U00_RST/clk_IBUF_BUFG
    SLICE_X33Y36         FDRE                                         r  U00_RST/rst_ext_pack_reg/C
  -------------------------------------------------------------------    -------------------
    SLICE_X33Y36         FDRE (Prop_fdre_C_Q)         0.456     5.560 f  U00_RST/rst_ext_pack_reg/Q
                         net (fo=4, routed)           0.718     6.278    U00_RST/rst_unit
    SLICE_X37Y34         LUT2 (Prop_lut2_I1_O)        0.124     6.402 f  U00_RST/buffer_data_saved_i_2/O
                         net (fo=405, routed)         1.799     8.201    U05_SPI/SPI/CLK_MAN/rst_ext_pack
    SLICE_X29Y37         LUT2 (Prop_lut2_I1_O)        0.152     8.353 f  U05_SPI/SPI/CLK_MAN/clk_prescaled_intern_i_1__1/O
                         net (fo=74, routed)          1.836    10.189    U05_SPI/SPI/SER/comb_pres_rst
    SLICE_X29Y48         FDCE                                         f  U05_SPI/SPI/SER/counter_fal_reg[29]/CLR
  -------------------------------------------------------------------    -------------------





Min Delay Paths
--------------------------------------------------------------------------------------
Slack:                    inf
  Source:                 U04_TIME/prescaled_factor_int_reg[7]/C
                            (rising edge-triggered cell FDRE clocked by sys_clk_pin  {rise@0.000ns fall@41.660ns period=83.330ns})
  Destination:            U04_TIME/TIMER/prescale_factor_int_reg[7]/D
  Path Group:             (none)
  Path Type:              Min at Fast Process Corner
  Data Path Delay:        0.207ns  (logic 0.148ns (71.500%)  route 0.059ns (28.500%))
  Logic Levels:           0  
  Clock Uncertainty:      0.025ns  ((TSJ^2 + TIJ^2)^1/2 + DJ) / 2 + PE
    Total System Jitter     (TSJ):    0.050ns
    Total Input Jitter      (TIJ):    0.000ns
    Discrete Jitter          (DJ):    0.000ns
    Phase Error              (PE):    0.000ns

    Location             Delay type                Incr(ns)  Path(ns)    Netlist Resource(s)
  -------------------------------------------------------------------    -------------------
                         (clock sys_clk_pin rise edge)
                                                      0.000     0.000 r  
    L17                                               0.000     0.000 r  clk (IN)
                         net (fo=0)                   0.000     0.000    clk
    L17                  IBUF (Prop_ibuf_I_O)         0.244     0.244 r  clk_IBUF_inst/O
                         net (fo=1, routed)           0.634     0.878    clk_IBUF
    BUFGCTRL_X0Y1        BUFG (Prop_bufg_I_O)         0.026     0.904 r  clk_IBUF_BUFG_inst/O
                         net (fo=582, routed)         0.559     1.463    U04_TIME/clk_IBUF_BUFG
    SLICE_X38Y35         FDRE                                         r  U04_TIME/prescaled_factor_int_reg[7]/C
  -------------------------------------------------------------------    -------------------
    SLICE_X38Y35         FDRE (Prop_fdre_C_Q)         0.148     1.611 r  U04_TIME/prescaled_factor_int_reg[7]/Q
                         net (fo=1, routed)           0.059     1.670    U04_TIME/TIMER/prescale_factor_int_reg[7]_0[6]
    SLICE_X39Y35         FDCE                                         r  U04_TIME/TIMER/prescale_factor_int_reg[7]/D
  -------------------------------------------------------------------    -------------------

Slack:                    inf
  Source:                 U04_TIME/prescaled_factor_int_reg[6]/C
                            (rising edge-triggered cell FDRE clocked by sys_clk_pin  {rise@0.000ns fall@41.660ns period=83.330ns})
  Destination:            U04_TIME/TIMER/prescale_factor_int_reg[6]/D
  Path Group:             (none)
  Path Type:              Min at Fast Process Corner
  Data Path Delay:        0.207ns  (logic 0.148ns (71.328%)  route 0.059ns (28.672%))
  Logic Levels:           0  
  Clock Uncertainty:      0.025ns  ((TSJ^2 + TIJ^2)^1/2 + DJ) / 2 + PE
    Total System Jitter     (TSJ):    0.050ns
    Total Input Jitter      (TIJ):    0.000ns
    Discrete Jitter          (DJ):    0.000ns
    Phase Error              (PE):    0.000ns

    Location             Delay type                Incr(ns)  Path(ns)    Netlist Resource(s)
  -------------------------------------------------------------------    -------------------
                         (clock sys_clk_pin rise edge)
                                                      0.000     0.000 r  
    L17                                               0.000     0.000 r  clk (IN)
                         net (fo=0)                   0.000     0.000    clk
    L17                  IBUF (Prop_ibuf_I_O)         0.244     0.244 r  clk_IBUF_inst/O
                         net (fo=1, routed)           0.634     0.878    clk_IBUF
    BUFGCTRL_X0Y1        BUFG (Prop_bufg_I_O)         0.026     0.904 r  clk_IBUF_BUFG_inst/O
                         net (fo=582, routed)         0.559     1.463    U04_TIME/clk_IBUF_BUFG
    SLICE_X38Y35         FDRE                                         r  U04_TIME/prescaled_factor_int_reg[6]/C
  -------------------------------------------------------------------    -------------------
    SLICE_X38Y35         FDRE (Prop_fdre_C_Q)         0.148     1.611 r  U04_TIME/prescaled_factor_int_reg[6]/Q
                         net (fo=1, routed)           0.059     1.670    U04_TIME/TIMER/prescale_factor_int_reg[7]_0[5]
    SLICE_X39Y35         FDCE                                         r  U04_TIME/TIMER/prescale_factor_int_reg[6]/D
  -------------------------------------------------------------------    -------------------

Slack:                    inf
  Source:                 U04_TIME/prescaled_factor_int_reg[2]/C
                            (rising edge-triggered cell FDRE clocked by sys_clk_pin  {rise@0.000ns fall@41.660ns period=83.330ns})
  Destination:            U04_TIME/TIMER/prescale_factor_int_reg[2]/D
  Path Group:             (none)
  Path Type:              Min at Fast Process Corner
  Data Path Delay:        0.253ns  (logic 0.141ns (55.769%)  route 0.112ns (44.231%))
  Logic Levels:           0  
  Clock Uncertainty:      0.025ns  ((TSJ^2 + TIJ^2)^1/2 + DJ) / 2 + PE
    Total System Jitter     (TSJ):    0.050ns
    Total Input Jitter      (TIJ):    0.000ns
    Discrete Jitter          (DJ):    0.000ns
    Phase Error              (PE):    0.000ns

    Location             Delay type                Incr(ns)  Path(ns)    Netlist Resource(s)
  -------------------------------------------------------------------    -------------------
                         (clock sys_clk_pin rise edge)
                                                      0.000     0.000 r  
    L17                                               0.000     0.000 r  clk (IN)
                         net (fo=0)                   0.000     0.000    clk
    L17                  IBUF (Prop_ibuf_I_O)         0.244     0.244 r  clk_IBUF_inst/O
                         net (fo=1, routed)           0.634     0.878    clk_IBUF
    BUFGCTRL_X0Y1        BUFG (Prop_bufg_I_O)         0.026     0.904 r  clk_IBUF_BUFG_inst/O
                         net (fo=582, routed)         0.560     1.464    U04_TIME/clk_IBUF_BUFG
    SLICE_X36Y37         FDRE                                         r  U04_TIME/prescaled_factor_int_reg[2]/C
  -------------------------------------------------------------------    -------------------
    SLICE_X36Y37         FDRE (Prop_fdre_C_Q)         0.141     1.605 r  U04_TIME/prescaled_factor_int_reg[2]/Q
                         net (fo=1, routed)           0.112     1.716    U04_TIME/TIMER/prescale_factor_int_reg[7]_0[1]
    SLICE_X36Y36         FDCE                                         r  U04_TIME/TIMER/prescale_factor_int_reg[2]/D
  -------------------------------------------------------------------    -------------------

Slack:                    inf
  Source:                 U04_TIME/prescaled_factor_int_reg[1]/C
                            (rising edge-triggered cell FDRE clocked by sys_clk_pin  {rise@0.000ns fall@41.660ns period=83.330ns})
  Destination:            U04_TIME/TIMER/prescale_factor_int_reg[1]/D
  Path Group:             (none)
  Path Type:              Min at Fast Process Corner
  Data Path Delay:        0.260ns  (logic 0.141ns (54.139%)  route 0.119ns (45.861%))
  Logic Levels:           0  
  Clock Uncertainty:      0.025ns  ((TSJ^2 + TIJ^2)^1/2 + DJ) / 2 + PE
    Total System Jitter     (TSJ):    0.050ns
    Total Input Jitter      (TIJ):    0.000ns
    Discrete Jitter          (DJ):    0.000ns
    Phase Error              (PE):    0.000ns

    Location             Delay type                Incr(ns)  Path(ns)    Netlist Resource(s)
  -------------------------------------------------------------------    -------------------
                         (clock sys_clk_pin rise edge)
                                                      0.000     0.000 r  
    L17                                               0.000     0.000 r  clk (IN)
                         net (fo=0)                   0.000     0.000    clk
    L17                  IBUF (Prop_ibuf_I_O)         0.244     0.244 r  clk_IBUF_inst/O
                         net (fo=1, routed)           0.634     0.878    clk_IBUF
    BUFGCTRL_X0Y1        BUFG (Prop_bufg_I_O)         0.026     0.904 r  clk_IBUF_BUFG_inst/O
                         net (fo=582, routed)         0.560     1.464    U04_TIME/clk_IBUF_BUFG
    SLICE_X36Y37         FDRE                                         r  U04_TIME/prescaled_factor_int_reg[1]/C
  -------------------------------------------------------------------    -------------------
    SLICE_X36Y37         FDRE (Prop_fdre_C_Q)         0.141     1.605 r  U04_TIME/prescaled_factor_int_reg[1]/Q
                         net (fo=1, routed)           0.119     1.724    U04_TIME/TIMER/prescale_factor_int_reg[7]_0[0]
    SLICE_X36Y36         FDCE                                         r  U04_TIME/TIMER/prescale_factor_int_reg[1]/D
  -------------------------------------------------------------------    -------------------

Slack:                    inf
  Source:                 UART_HOST/TRANSMITTER/BRSER/data_out_reg[4]/C
                            (rising edge-triggered cell FDRE clocked by sys_clk_pin  {rise@0.000ns fall@41.660ns period=83.330ns})
  Destination:            UART_HOST/TRANSMITTER/SER/reg_reg[5]/D
  Path Group:             (none)
  Path Type:              Min at Fast Process Corner
  Data Path Delay:        0.271ns  (logic 0.186ns (68.652%)  route 0.085ns (31.348%))
  Logic Levels:           1  (LUT3=1)
  Clock Uncertainty:      0.025ns  ((TSJ^2 + TIJ^2)^1/2 + DJ) / 2 + PE
    Total System Jitter     (TSJ):    0.050ns
    Total Input Jitter      (TIJ):    0.000ns
    Discrete Jitter          (DJ):    0.000ns
    Phase Error              (PE):    0.000ns

    Location             Delay type                Incr(ns)  Path(ns)    Netlist Resource(s)
  -------------------------------------------------------------------    -------------------
                         (clock sys_clk_pin rise edge)
                                                      0.000     0.000 r  
    L17                                               0.000     0.000 r  clk (IN)
                         net (fo=0)                   0.000     0.000    clk
    L17                  IBUF (Prop_ibuf_I_O)         0.244     0.244 r  clk_IBUF_inst/O
                         net (fo=1, routed)           0.634     0.878    clk_IBUF
    BUFGCTRL_X0Y1        BUFG (Prop_bufg_I_O)         0.026     0.904 r  clk_IBUF_BUFG_inst/O
                         net (fo=582, routed)         0.557     1.461    UART_HOST/TRANSMITTER/BRSER/clk_IBUF_BUFG
    SLICE_X48Y29         FDRE                                         r  UART_HOST/TRANSMITTER/BRSER/data_out_reg[4]/C
  -------------------------------------------------------------------    -------------------
    SLICE_X48Y29         FDRE (Prop_fdre_C_Q)         0.141     1.602 r  UART_HOST/TRANSMITTER/BRSER/data_out_reg[4]/Q
                         net (fo=1, routed)           0.085     1.687    UART_HOST/TRANSMITTER/SER/reg_reg[8]_0[4]
    SLICE_X49Y29         LUT3 (Prop_lut3_I2_O)        0.045     1.732 r  UART_HOST/TRANSMITTER/SER/reg[5]_i_1/O
                         net (fo=1, routed)           0.000     1.732    UART_HOST/TRANSMITTER/SER/p_0_in_0[5]
    SLICE_X49Y29         FDPE                                         r  UART_HOST/TRANSMITTER/SER/reg_reg[5]/D
  -------------------------------------------------------------------    -------------------

Slack:                    inf
  Source:                 U05_SPI/SPI/BUF_SER/data_out_reg[1]/C
                            (rising edge-triggered cell FDRE clocked by sys_clk_pin  {rise@0.000ns fall@41.660ns period=83.330ns})
  Destination:            U05_SPI/SPI/SER/reg_fal_reg[1]/D
  Path Group:             (none)
  Path Type:              Min at Fast Process Corner
  Data Path Delay:        0.273ns  (logic 0.186ns (68.212%)  route 0.087ns (31.788%))
  Logic Levels:           1  (LUT4=1)
  Clock Uncertainty:      0.025ns  ((TSJ^2 + TIJ^2)^1/2 + DJ) / 2 + PE
    Total System Jitter     (TSJ):    0.050ns
    Total Input Jitter      (TIJ):    0.000ns
    Discrete Jitter          (DJ):    0.000ns
    Phase Error              (PE):    0.000ns

    Location             Delay type                Incr(ns)  Path(ns)    Netlist Resource(s)
  -------------------------------------------------------------------    -------------------
                         (clock sys_clk_pin rise edge)
                                                      0.000     0.000 r  
    L17                                               0.000     0.000 r  clk (IN)
                         net (fo=0)                   0.000     0.000    clk
    L17                  IBUF (Prop_ibuf_I_O)         0.244     0.244 r  clk_IBUF_inst/O
                         net (fo=1, routed)           0.634     0.878    clk_IBUF
    BUFGCTRL_X0Y1        BUFG (Prop_bufg_I_O)         0.026     0.904 r  clk_IBUF_BUFG_inst/O
                         net (fo=582, routed)         0.561     1.465    U05_SPI/SPI/BUF_SER/clk_IBUF_BUFG
    SLICE_X28Y39         FDRE                                         r  U05_SPI/SPI/BUF_SER/data_out_reg[1]/C
  -------------------------------------------------------------------    -------------------
    SLICE_X28Y39         FDRE (Prop_fdre_C_Q)         0.141     1.606 r  U05_SPI/SPI/BUF_SER/data_out_reg[1]/Q
                         net (fo=1, routed)           0.087     1.692    U05_SPI/SPI/SER/Q[0]
    SLICE_X29Y39         LUT4 (Prop_lut4_I3_O)        0.045     1.737 r  U05_SPI/SPI/SER/reg_fal[1]_i_1/O
                         net (fo=1, routed)           0.000     1.737    U05_SPI/SPI/SER/reg_fal[1]_i_1_n_0
    SLICE_X29Y39         FDCE                                         r  U05_SPI/SPI/SER/reg_fal_reg[1]/D
  -------------------------------------------------------------------    -------------------

Slack:                    inf
  Source:                 U04_TIME/start_value_int_reg[7]/C
                            (rising edge-triggered cell FDRE clocked by sys_clk_pin  {rise@0.000ns fall@41.660ns period=83.330ns})
  Destination:            U04_TIME/TIMER/start_value_int_reg[7]/D
  Path Group:             (none)
  Path Type:              Min at Fast Process Corner
  Data Path Delay:        0.279ns  (logic 0.164ns (58.784%)  route 0.115ns (41.216%))
  Logic Levels:           0  
  Clock Uncertainty:      0.025ns  ((TSJ^2 + TIJ^2)^1/2 + DJ) / 2 + PE
    Total System Jitter     (TSJ):    0.050ns
    Total Input Jitter      (TIJ):    0.000ns
    Discrete Jitter          (DJ):    0.000ns
    Phase Error              (PE):    0.000ns

    Location             Delay type                Incr(ns)  Path(ns)    Netlist Resource(s)
  -------------------------------------------------------------------    -------------------
                         (clock sys_clk_pin rise edge)
                                                      0.000     0.000 r  
    L17                                               0.000     0.000 r  clk (IN)
                         net (fo=0)                   0.000     0.000    clk
    L17                  IBUF (Prop_ibuf_I_O)         0.244     0.244 r  clk_IBUF_inst/O
                         net (fo=1, routed)           0.634     0.878    clk_IBUF
    BUFGCTRL_X0Y1        BUFG (Prop_bufg_I_O)         0.026     0.904 r  clk_IBUF_BUFG_inst/O
                         net (fo=582, routed)         0.560     1.464    U04_TIME/clk_IBUF_BUFG
    SLICE_X38Y37         FDRE                                         r  U04_TIME/start_value_int_reg[7]/C
  -------------------------------------------------------------------    -------------------
    SLICE_X38Y37         FDRE (Prop_fdre_C_Q)         0.164     1.628 r  U04_TIME/start_value_int_reg[7]/Q
                         net (fo=1, routed)           0.115     1.743    U04_TIME/TIMER/start_value_int_reg[7]_1[7]
    SLICE_X41Y37         FDCE                                         r  U04_TIME/TIMER/start_value_int_reg[7]/D
  -------------------------------------------------------------------    -------------------

Slack:                    inf
  Source:                 U05_SPI/SPI/BUF_SER/data_out_reg[4]/C
                            (rising edge-triggered cell FDRE clocked by sys_clk_pin  {rise@0.000ns fall@41.660ns period=83.330ns})
  Destination:            U05_SPI/SPI/SER/reg_fal_reg[4]/D
  Path Group:             (none)
  Path Type:              Min at Fast Process Corner
  Data Path Delay:        0.293ns  (logic 0.186ns (63.444%)  route 0.107ns (36.556%))
  Logic Levels:           1  (LUT4=1)
  Clock Uncertainty:      0.025ns  ((TSJ^2 + TIJ^2)^1/2 + DJ) / 2 + PE
    Total System Jitter     (TSJ):    0.050ns
    Total Input Jitter      (TIJ):    0.000ns
    Discrete Jitter          (DJ):    0.000ns
    Phase Error              (PE):    0.000ns

    Location             Delay type                Incr(ns)  Path(ns)    Netlist Resource(s)
  -------------------------------------------------------------------    -------------------
                         (clock sys_clk_pin rise edge)
                                                      0.000     0.000 r  
    L17                                               0.000     0.000 r  clk (IN)
                         net (fo=0)                   0.000     0.000    clk
    L17                  IBUF (Prop_ibuf_I_O)         0.244     0.244 r  clk_IBUF_inst/O
                         net (fo=1, routed)           0.634     0.878    clk_IBUF
    BUFGCTRL_X0Y1        BUFG (Prop_bufg_I_O)         0.026     0.904 r  clk_IBUF_BUFG_inst/O
                         net (fo=582, routed)         0.561     1.465    U05_SPI/SPI/BUF_SER/clk_IBUF_BUFG
    SLICE_X31Y38         FDRE                                         r  U05_SPI/SPI/BUF_SER/data_out_reg[4]/C
  -------------------------------------------------------------------    -------------------
    SLICE_X31Y38         FDRE (Prop_fdre_C_Q)         0.141     1.606 r  U05_SPI/SPI/BUF_SER/data_out_reg[4]/Q
                         net (fo=1, routed)           0.107     1.713    U05_SPI/SPI/SER/Q[3]
    SLICE_X31Y39         LUT4 (Prop_lut4_I3_O)        0.045     1.758 r  U05_SPI/SPI/SER/reg_fal[4]_i_1/O
                         net (fo=1, routed)           0.000     1.758    U05_SPI/SPI/SER/reg_fal[4]_i_1_n_0
    SLICE_X31Y39         FDCE                                         r  U05_SPI/SPI/SER/reg_fal_reg[4]/D
  -------------------------------------------------------------------    -------------------

Slack:                    inf
  Source:                 U04_TIME/prescaled_factor_int_reg[3]/C
                            (rising edge-triggered cell FDRE clocked by sys_clk_pin  {rise@0.000ns fall@41.660ns period=83.330ns})
  Destination:            U04_TIME/TIMER/prescale_factor_int_reg[3]/D
  Path Group:             (none)
  Path Type:              Min at Fast Process Corner
  Data Path Delay:        0.299ns  (logic 0.164ns (54.830%)  route 0.135ns (45.170%))
  Logic Levels:           0  
  Clock Uncertainty:      0.025ns  ((TSJ^2 + TIJ^2)^1/2 + DJ) / 2 + PE
    Total System Jitter     (TSJ):    0.050ns
    Total Input Jitter      (TIJ):    0.000ns
    Discrete Jitter          (DJ):    0.000ns
    Phase Error              (PE):    0.000ns

    Location             Delay type                Incr(ns)  Path(ns)    Netlist Resource(s)
  -------------------------------------------------------------------    -------------------
                         (clock sys_clk_pin rise edge)
                                                      0.000     0.000 r  
    L17                                               0.000     0.000 r  clk (IN)
                         net (fo=0)                   0.000     0.000    clk
    L17                  IBUF (Prop_ibuf_I_O)         0.244     0.244 r  clk_IBUF_inst/O
                         net (fo=1, routed)           0.634     0.878    clk_IBUF
    BUFGCTRL_X0Y1        BUFG (Prop_bufg_I_O)         0.026     0.904 r  clk_IBUF_BUFG_inst/O
                         net (fo=582, routed)         0.559     1.463    U04_TIME/clk_IBUF_BUFG
    SLICE_X38Y35         FDRE                                         r  U04_TIME/prescaled_factor_int_reg[3]/C
  -------------------------------------------------------------------    -------------------
    SLICE_X38Y35         FDRE (Prop_fdre_C_Q)         0.164     1.627 r  U04_TIME/prescaled_factor_int_reg[3]/Q
                         net (fo=1, routed)           0.135     1.762    U04_TIME/TIMER/prescale_factor_int_reg[7]_0[2]
    SLICE_X39Y35         FDCE                                         r  U04_TIME/TIMER/prescale_factor_int_reg[3]/D
  -------------------------------------------------------------------    -------------------

Slack:                    inf
  Source:                 U05_SPI/SPI/BUF_SER/data_out_reg[3]/C
                            (rising edge-triggered cell FDRE clocked by sys_clk_pin  {rise@0.000ns fall@41.660ns period=83.330ns})
  Destination:            U05_SPI/SPI/SER/reg_fal_reg[3]/D
  Path Group:             (none)
  Path Type:              Min at Fast Process Corner
  Data Path Delay:        0.301ns  (logic 0.186ns (61.740%)  route 0.115ns (38.260%))
  Logic Levels:           1  (LUT4=1)
  Clock Uncertainty:      0.025ns  ((TSJ^2 + TIJ^2)^1/2 + DJ) / 2 + PE
    Total System Jitter     (TSJ):    0.050ns
    Total Input Jitter      (TIJ):    0.000ns
    Discrete Jitter          (DJ):    0.000ns
    Phase Error              (PE):    0.000ns

    Location             Delay type                Incr(ns)  Path(ns)    Netlist Resource(s)
  -------------------------------------------------------------------    -------------------
                         (clock sys_clk_pin rise edge)
                                                      0.000     0.000 r  
    L17                                               0.000     0.000 r  clk (IN)
                         net (fo=0)                   0.000     0.000    clk
    L17                  IBUF (Prop_ibuf_I_O)         0.244     0.244 r  clk_IBUF_inst/O
                         net (fo=1, routed)           0.634     0.878    clk_IBUF
    BUFGCTRL_X0Y1        BUFG (Prop_bufg_I_O)         0.026     0.904 r  clk_IBUF_BUFG_inst/O
                         net (fo=582, routed)         0.561     1.465    U05_SPI/SPI/BUF_SER/clk_IBUF_BUFG
    SLICE_X32Y38         FDRE                                         r  U05_SPI/SPI/BUF_SER/data_out_reg[3]/C
  -------------------------------------------------------------------    -------------------
    SLICE_X32Y38         FDRE (Prop_fdre_C_Q)         0.141     1.606 r  U05_SPI/SPI/BUF_SER/data_out_reg[3]/Q
                         net (fo=1, routed)           0.115     1.721    U05_SPI/SPI/SER/Q[2]
    SLICE_X29Y38         LUT4 (Prop_lut4_I3_O)        0.045     1.766 r  U05_SPI/SPI/SER/reg_fal[3]_i_1/O
                         net (fo=1, routed)           0.000     1.766    U05_SPI/SPI/SER/reg_fal[3]_i_1_n_0
    SLICE_X29Y38         FDCE                                         r  U05_SPI/SPI/SER/reg_fal_reg[3]/D
  -------------------------------------------------------------------    -------------------





--------------------------------------------------------------------------------------
Path Group:  (none)
From Clock:  
  To Clock:  sys_clk_pin

Max Delay           603 Endpoints
Min Delay           603 Endpoints
--------------------------------------------------------------------------------------


Max Delay Paths
--------------------------------------------------------------------------------------
Slack:                    inf
  Source:                 rst
                            (input port)
  Destination:            U02_UART/UART/RECEIVER/PRES/counter_reg[0]/S
                            (rising edge-triggered cell FDSE clocked by sys_clk_pin  {rise@0.000ns fall@41.660ns period=83.330ns})
  Path Group:             (none)
  Path Type:              Setup (Max at Slow Process Corner)
  Data Path Delay:        10.493ns  (logic 1.711ns (16.305%)  route 8.782ns (83.695%))
  Logic Levels:           3  (IBUF=1 LUT2=1 LUT3=1)
  Clock Path Skew:        4.809ns (DCD - SCD + CPR)
    Destination Clock Delay (DCD):    4.809ns
    Source Clock Delay      (SCD):    0.000ns
    Clock Pessimism Removal (CPR):    0.000ns
  Clock Uncertainty:      0.025ns  ((TSJ^2 + TIJ^2)^1/2 + DJ) / 2 + PE
    Total System Jitter     (TSJ):    0.050ns
    Total Input Jitter      (TIJ):    0.000ns
    Discrete Jitter          (DJ):    0.000ns
    Phase Error              (PE):    0.000ns

    Location             Delay type                Incr(ns)  Path(ns)    Netlist Resource(s)
  -------------------------------------------------------------------    -------------------
    A18                                               0.000     0.000 r  rst (IN)
                         net (fo=0)                   0.000     0.000    rst
    A18                  IBUF (Prop_ibuf_I_O)         1.463     1.463 r  rst_IBUF_inst/O
                         net (fo=4, routed)           4.403     5.866    U00_RST/rst_IBUF
    SLICE_X37Y34         LUT2 (Prop_lut2_I0_O)        0.124     5.990 r  U00_RST/buffer_data_saved_i_2/O
                         net (fo=405, routed)         2.781     8.771    U02_UART/UART/RECEIVER/PRES/rst_ext_pack
    SLICE_X34Y45         LUT3 (Prop_lut3_I0_O)        0.124     8.895 r  U02_UART/UART/RECEIVER/PRES/counter[0]_i_1__2/O
                         net (fo=32, routed)          1.599    10.493    U02_UART/UART/RECEIVER/PRES/counter[0]_i_1__2_n_0
    SLICE_X40Y38         FDSE                                         r  U02_UART/UART/RECEIVER/PRES/counter_reg[0]/S
  -------------------------------------------------------------------    -------------------

                         (clock sys_clk_pin rise edge)
                                                      0.000     0.000 r  
    L17                                               0.000     0.000 r  clk (IN)
                         net (fo=0)                   0.000     0.000    clk
    L17                  IBUF (Prop_ibuf_I_O)         1.406     1.406 r  clk_IBUF_inst/O
                         net (fo=1, routed)           1.868     3.274    clk_IBUF
    BUFGCTRL_X0Y1        BUFG (Prop_bufg_I_O)         0.091     3.365 r  clk_IBUF_BUFG_inst/O
                         net (fo=582, routed)         1.444     4.809    U02_UART/UART/RECEIVER/PRES/clk_IBUF_BUFG
    SLICE_X40Y38         FDSE                                         r  U02_UART/UART/RECEIVER/PRES/counter_reg[0]/C

Slack:                    inf
  Source:                 rst
                            (input port)
  Destination:            U02_UART/UART/RECEIVER/PRES/counter_reg[1]/R
                            (rising edge-triggered cell FDRE clocked by sys_clk_pin  {rise@0.000ns fall@41.660ns period=83.330ns})
  Path Group:             (none)
  Path Type:              Setup (Max at Slow Process Corner)
  Data Path Delay:        10.493ns  (logic 1.711ns (16.305%)  route 8.782ns (83.695%))
  Logic Levels:           3  (IBUF=1 LUT2=1 LUT3=1)
  Clock Path Skew:        4.809ns (DCD - SCD + CPR)
    Destination Clock Delay (DCD):    4.809ns
    Source Clock Delay      (SCD):    0.000ns
    Clock Pessimism Removal (CPR):    0.000ns
  Clock Uncertainty:      0.025ns  ((TSJ^2 + TIJ^2)^1/2 + DJ) / 2 + PE
    Total System Jitter     (TSJ):    0.050ns
    Total Input Jitter      (TIJ):    0.000ns
    Discrete Jitter          (DJ):    0.000ns
    Phase Error              (PE):    0.000ns

    Location             Delay type                Incr(ns)  Path(ns)    Netlist Resource(s)
  -------------------------------------------------------------------    -------------------
    A18                                               0.000     0.000 r  rst (IN)
                         net (fo=0)                   0.000     0.000    rst
    A18                  IBUF (Prop_ibuf_I_O)         1.463     1.463 r  rst_IBUF_inst/O
                         net (fo=4, routed)           4.403     5.866    U00_RST/rst_IBUF
    SLICE_X37Y34         LUT2 (Prop_lut2_I0_O)        0.124     5.990 r  U00_RST/buffer_data_saved_i_2/O
                         net (fo=405, routed)         2.781     8.771    U02_UART/UART/RECEIVER/PRES/rst_ext_pack
    SLICE_X34Y45         LUT3 (Prop_lut3_I0_O)        0.124     8.895 r  U02_UART/UART/RECEIVER/PRES/counter[0]_i_1__2/O
                         net (fo=32, routed)          1.599    10.493    U02_UART/UART/RECEIVER/PRES/counter[0]_i_1__2_n_0
    SLICE_X40Y38         FDRE                                         r  U02_UART/UART/RECEIVER/PRES/counter_reg[1]/R
  -------------------------------------------------------------------    -------------------

                         (clock sys_clk_pin rise edge)
                                                      0.000     0.000 r  
    L17                                               0.000     0.000 r  clk (IN)
                         net (fo=0)                   0.000     0.000    clk
    L17                  IBUF (Prop_ibuf_I_O)         1.406     1.406 r  clk_IBUF_inst/O
                         net (fo=1, routed)           1.868     3.274    clk_IBUF
    BUFGCTRL_X0Y1        BUFG (Prop_bufg_I_O)         0.091     3.365 r  clk_IBUF_BUFG_inst/O
                         net (fo=582, routed)         1.444     4.809    U02_UART/UART/RECEIVER/PRES/clk_IBUF_BUFG
    SLICE_X40Y38         FDRE                                         r  U02_UART/UART/RECEIVER/PRES/counter_reg[1]/C

Slack:                    inf
  Source:                 rst
                            (input port)
  Destination:            U02_UART/UART/RECEIVER/PRES/counter_reg[2]/R
                            (rising edge-triggered cell FDRE clocked by sys_clk_pin  {rise@0.000ns fall@41.660ns period=83.330ns})
  Path Group:             (none)
  Path Type:              Setup (Max at Slow Process Corner)
  Data Path Delay:        10.493ns  (logic 1.711ns (16.305%)  route 8.782ns (83.695%))
  Logic Levels:           3  (IBUF=1 LUT2=1 LUT3=1)
  Clock Path Skew:        4.809ns (DCD - SCD + CPR)
    Destination Clock Delay (DCD):    4.809ns
    Source Clock Delay      (SCD):    0.000ns
    Clock Pessimism Removal (CPR):    0.000ns
  Clock Uncertainty:      0.025ns  ((TSJ^2 + TIJ^2)^1/2 + DJ) / 2 + PE
    Total System Jitter     (TSJ):    0.050ns
    Total Input Jitter      (TIJ):    0.000ns
    Discrete Jitter          (DJ):    0.000ns
    Phase Error              (PE):    0.000ns

    Location             Delay type                Incr(ns)  Path(ns)    Netlist Resource(s)
  -------------------------------------------------------------------    -------------------
    A18                                               0.000     0.000 r  rst (IN)
                         net (fo=0)                   0.000     0.000    rst
    A18                  IBUF (Prop_ibuf_I_O)         1.463     1.463 r  rst_IBUF_inst/O
                         net (fo=4, routed)           4.403     5.866    U00_RST/rst_IBUF
    SLICE_X37Y34         LUT2 (Prop_lut2_I0_O)        0.124     5.990 r  U00_RST/buffer_data_saved_i_2/O
                         net (fo=405, routed)         2.781     8.771    U02_UART/UART/RECEIVER/PRES/rst_ext_pack
    SLICE_X34Y45         LUT3 (Prop_lut3_I0_O)        0.124     8.895 r  U02_UART/UART/RECEIVER/PRES/counter[0]_i_1__2/O
                         net (fo=32, routed)          1.599    10.493    U02_UART/UART/RECEIVER/PRES/counter[0]_i_1__2_n_0
    SLICE_X40Y38         FDRE                                         r  U02_UART/UART/RECEIVER/PRES/counter_reg[2]/R
  -------------------------------------------------------------------    -------------------

                         (clock sys_clk_pin rise edge)
                                                      0.000     0.000 r  
    L17                                               0.000     0.000 r  clk (IN)
                         net (fo=0)                   0.000     0.000    clk
    L17                  IBUF (Prop_ibuf_I_O)         1.406     1.406 r  clk_IBUF_inst/O
                         net (fo=1, routed)           1.868     3.274    clk_IBUF
    BUFGCTRL_X0Y1        BUFG (Prop_bufg_I_O)         0.091     3.365 r  clk_IBUF_BUFG_inst/O
                         net (fo=582, routed)         1.444     4.809    U02_UART/UART/RECEIVER/PRES/clk_IBUF_BUFG
    SLICE_X40Y38         FDRE                                         r  U02_UART/UART/RECEIVER/PRES/counter_reg[2]/C

Slack:                    inf
  Source:                 rst
                            (input port)
  Destination:            U02_UART/UART/RECEIVER/PRES/counter_reg[3]/R
                            (rising edge-triggered cell FDRE clocked by sys_clk_pin  {rise@0.000ns fall@41.660ns period=83.330ns})
  Path Group:             (none)
  Path Type:              Setup (Max at Slow Process Corner)
  Data Path Delay:        10.493ns  (logic 1.711ns (16.305%)  route 8.782ns (83.695%))
  Logic Levels:           3  (IBUF=1 LUT2=1 LUT3=1)
  Clock Path Skew:        4.809ns (DCD - SCD + CPR)
    Destination Clock Delay (DCD):    4.809ns
    Source Clock Delay      (SCD):    0.000ns
    Clock Pessimism Removal (CPR):    0.000ns
  Clock Uncertainty:      0.025ns  ((TSJ^2 + TIJ^2)^1/2 + DJ) / 2 + PE
    Total System Jitter     (TSJ):    0.050ns
    Total Input Jitter      (TIJ):    0.000ns
    Discrete Jitter          (DJ):    0.000ns
    Phase Error              (PE):    0.000ns

    Location             Delay type                Incr(ns)  Path(ns)    Netlist Resource(s)
  -------------------------------------------------------------------    -------------------
    A18                                               0.000     0.000 r  rst (IN)
                         net (fo=0)                   0.000     0.000    rst
    A18                  IBUF (Prop_ibuf_I_O)         1.463     1.463 r  rst_IBUF_inst/O
                         net (fo=4, routed)           4.403     5.866    U00_RST/rst_IBUF
    SLICE_X37Y34         LUT2 (Prop_lut2_I0_O)        0.124     5.990 r  U00_RST/buffer_data_saved_i_2/O
                         net (fo=405, routed)         2.781     8.771    U02_UART/UART/RECEIVER/PRES/rst_ext_pack
    SLICE_X34Y45         LUT3 (Prop_lut3_I0_O)        0.124     8.895 r  U02_UART/UART/RECEIVER/PRES/counter[0]_i_1__2/O
                         net (fo=32, routed)          1.599    10.493    U02_UART/UART/RECEIVER/PRES/counter[0]_i_1__2_n_0
    SLICE_X40Y38         FDRE                                         r  U02_UART/UART/RECEIVER/PRES/counter_reg[3]/R
  -------------------------------------------------------------------    -------------------

                         (clock sys_clk_pin rise edge)
                                                      0.000     0.000 r  
    L17                                               0.000     0.000 r  clk (IN)
                         net (fo=0)                   0.000     0.000    clk
    L17                  IBUF (Prop_ibuf_I_O)         1.406     1.406 r  clk_IBUF_inst/O
                         net (fo=1, routed)           1.868     3.274    clk_IBUF
    BUFGCTRL_X0Y1        BUFG (Prop_bufg_I_O)         0.091     3.365 r  clk_IBUF_BUFG_inst/O
                         net (fo=582, routed)         1.444     4.809    U02_UART/UART/RECEIVER/PRES/clk_IBUF_BUFG
    SLICE_X40Y38         FDRE                                         r  U02_UART/UART/RECEIVER/PRES/counter_reg[3]/C

Slack:                    inf
  Source:                 rst
                            (input port)
  Destination:            U02_UART/UART/RECEIVER/PRES/counter_reg[10]/R
                            (rising edge-triggered cell FDRE clocked by sys_clk_pin  {rise@0.000ns fall@41.660ns period=83.330ns})
  Path Group:             (none)
  Path Type:              Setup (Max at Slow Process Corner)
  Data Path Delay:        10.166ns  (logic 1.711ns (16.830%)  route 8.455ns (83.170%))
  Logic Levels:           3  (IBUF=1 LUT2=1 LUT3=1)
  Clock Path Skew:        4.810ns (DCD - SCD + CPR)
    Destination Clock Delay (DCD):    4.810ns
    Source Clock Delay      (SCD):    0.000ns
    Clock Pessimism Removal (CPR):    0.000ns
  Clock Uncertainty:      0.025ns  ((TSJ^2 + TIJ^2)^1/2 + DJ) / 2 + PE
    Total System Jitter     (TSJ):    0.050ns
    Total Input Jitter      (TIJ):    0.000ns
    Discrete Jitter          (DJ):    0.000ns
    Phase Error              (PE):    0.000ns

    Location             Delay type                Incr(ns)  Path(ns)    Netlist Resource(s)
  -------------------------------------------------------------------    -------------------
    A18                                               0.000     0.000 r  rst (IN)
                         net (fo=0)                   0.000     0.000    rst
    A18                  IBUF (Prop_ibuf_I_O)         1.463     1.463 r  rst_IBUF_inst/O
                         net (fo=4, routed)           4.403     5.866    U00_RST/rst_IBUF
    SLICE_X37Y34         LUT2 (Prop_lut2_I0_O)        0.124     5.990 r  U00_RST/buffer_data_saved_i_2/O
                         net (fo=405, routed)         2.781     8.771    U02_UART/UART/RECEIVER/PRES/rst_ext_pack
    SLICE_X34Y45         LUT3 (Prop_lut3_I0_O)        0.124     8.895 r  U02_UART/UART/RECEIVER/PRES/counter[0]_i_1__2/O
                         net (fo=32, routed)          1.271    10.166    U02_UART/UART/RECEIVER/PRES/counter[0]_i_1__2_n_0
    SLICE_X40Y40         FDRE                                         r  U02_UART/UART/RECEIVER/PRES/counter_reg[10]/R
  -------------------------------------------------------------------    -------------------

                         (clock sys_clk_pin rise edge)
                                                      0.000     0.000 r  
    L17                                               0.000     0.000 r  clk (IN)
                         net (fo=0)                   0.000     0.000    clk
    L17                  IBUF (Prop_ibuf_I_O)         1.406     1.406 r  clk_IBUF_inst/O
                         net (fo=1, routed)           1.868     3.274    clk_IBUF
    BUFGCTRL_X0Y1        BUFG (Prop_bufg_I_O)         0.091     3.365 r  clk_IBUF_BUFG_inst/O
                         net (fo=582, routed)         1.445     4.810    U02_UART/UART/RECEIVER/PRES/clk_IBUF_BUFG
    SLICE_X40Y40         FDRE                                         r  U02_UART/UART/RECEIVER/PRES/counter_reg[10]/C

Slack:                    inf
  Source:                 rst
                            (input port)
  Destination:            U02_UART/UART/RECEIVER/PRES/counter_reg[11]/R
                            (rising edge-triggered cell FDRE clocked by sys_clk_pin  {rise@0.000ns fall@41.660ns period=83.330ns})
  Path Group:             (none)
  Path Type:              Setup (Max at Slow Process Corner)
  Data Path Delay:        10.166ns  (logic 1.711ns (16.830%)  route 8.455ns (83.170%))
  Logic Levels:           3  (IBUF=1 LUT2=1 LUT3=1)
  Clock Path Skew:        4.810ns (DCD - SCD + CPR)
    Destination Clock Delay (DCD):    4.810ns
    Source Clock Delay      (SCD):    0.000ns
    Clock Pessimism Removal (CPR):    0.000ns
  Clock Uncertainty:      0.025ns  ((TSJ^2 + TIJ^2)^1/2 + DJ) / 2 + PE
    Total System Jitter     (TSJ):    0.050ns
    Total Input Jitter      (TIJ):    0.000ns
    Discrete Jitter          (DJ):    0.000ns
    Phase Error              (PE):    0.000ns

    Location             Delay type                Incr(ns)  Path(ns)    Netlist Resource(s)
  -------------------------------------------------------------------    -------------------
    A18                                               0.000     0.000 r  rst (IN)
                         net (fo=0)                   0.000     0.000    rst
    A18                  IBUF (Prop_ibuf_I_O)         1.463     1.463 r  rst_IBUF_inst/O
                         net (fo=4, routed)           4.403     5.866    U00_RST/rst_IBUF
    SLICE_X37Y34         LUT2 (Prop_lut2_I0_O)        0.124     5.990 r  U00_RST/buffer_data_saved_i_2/O
                         net (fo=405, routed)         2.781     8.771    U02_UART/UART/RECEIVER/PRES/rst_ext_pack
    SLICE_X34Y45         LUT3 (Prop_lut3_I0_O)        0.124     8.895 r  U02_UART/UART/RECEIVER/PRES/counter[0]_i_1__2/O
                         net (fo=32, routed)          1.271    10.166    U02_UART/UART/RECEIVER/PRES/counter[0]_i_1__2_n_0
    SLICE_X40Y40         FDRE                                         r  U02_UART/UART/RECEIVER/PRES/counter_reg[11]/R
  -------------------------------------------------------------------    -------------------

                         (clock sys_clk_pin rise edge)
                                                      0.000     0.000 r  
    L17                                               0.000     0.000 r  clk (IN)
                         net (fo=0)                   0.000     0.000    clk
    L17                  IBUF (Prop_ibuf_I_O)         1.406     1.406 r  clk_IBUF_inst/O
                         net (fo=1, routed)           1.868     3.274    clk_IBUF
    BUFGCTRL_X0Y1        BUFG (Prop_bufg_I_O)         0.091     3.365 r  clk_IBUF_BUFG_inst/O
                         net (fo=582, routed)         1.445     4.810    U02_UART/UART/RECEIVER/PRES/clk_IBUF_BUFG
    SLICE_X40Y40         FDRE                                         r  U02_UART/UART/RECEIVER/PRES/counter_reg[11]/C

Slack:                    inf
  Source:                 rst
                            (input port)
  Destination:            U02_UART/UART/RECEIVER/PRES/counter_reg[8]/R
                            (rising edge-triggered cell FDRE clocked by sys_clk_pin  {rise@0.000ns fall@41.660ns period=83.330ns})
  Path Group:             (none)
  Path Type:              Setup (Max at Slow Process Corner)
  Data Path Delay:        10.166ns  (logic 1.711ns (16.830%)  route 8.455ns (83.170%))
  Logic Levels:           3  (IBUF=1 LUT2=1 LUT3=1)
  Clock Path Skew:        4.810ns (DCD - SCD + CPR)
    Destination Clock Delay (DCD):    4.810ns
    Source Clock Delay      (SCD):    0.000ns
    Clock Pessimism Removal (CPR):    0.000ns
  Clock Uncertainty:      0.025ns  ((TSJ^2 + TIJ^2)^1/2 + DJ) / 2 + PE
    Total System Jitter     (TSJ):    0.050ns
    Total Input Jitter      (TIJ):    0.000ns
    Discrete Jitter          (DJ):    0.000ns
    Phase Error              (PE):    0.000ns

    Location             Delay type                Incr(ns)  Path(ns)    Netlist Resource(s)
  -------------------------------------------------------------------    -------------------
    A18                                               0.000     0.000 r  rst (IN)
                         net (fo=0)                   0.000     0.000    rst
    A18                  IBUF (Prop_ibuf_I_O)         1.463     1.463 r  rst_IBUF_inst/O
                         net (fo=4, routed)           4.403     5.866    U00_RST/rst_IBUF
    SLICE_X37Y34         LUT2 (Prop_lut2_I0_O)        0.124     5.990 r  U00_RST/buffer_data_saved_i_2/O
                         net (fo=405, routed)         2.781     8.771    U02_UART/UART/RECEIVER/PRES/rst_ext_pack
    SLICE_X34Y45         LUT3 (Prop_lut3_I0_O)        0.124     8.895 r  U02_UART/UART/RECEIVER/PRES/counter[0]_i_1__2/O
                         net (fo=32, routed)          1.271    10.166    U02_UART/UART/RECEIVER/PRES/counter[0]_i_1__2_n_0
    SLICE_X40Y40         FDRE                                         r  U02_UART/UART/RECEIVER/PRES/counter_reg[8]/R
  -------------------------------------------------------------------    -------------------

                         (clock sys_clk_pin rise edge)
                                                      0.000     0.000 r  
    L17                                               0.000     0.000 r  clk (IN)
                         net (fo=0)                   0.000     0.000    clk
    L17                  IBUF (Prop_ibuf_I_O)         1.406     1.406 r  clk_IBUF_inst/O
                         net (fo=1, routed)           1.868     3.274    clk_IBUF
    BUFGCTRL_X0Y1        BUFG (Prop_bufg_I_O)         0.091     3.365 r  clk_IBUF_BUFG_inst/O
                         net (fo=582, routed)         1.445     4.810    U02_UART/UART/RECEIVER/PRES/clk_IBUF_BUFG
    SLICE_X40Y40         FDRE                                         r  U02_UART/UART/RECEIVER/PRES/counter_reg[8]/C

Slack:                    inf
  Source:                 rst
                            (input port)
  Destination:            U02_UART/UART/RECEIVER/PRES/counter_reg[9]/R
                            (rising edge-triggered cell FDRE clocked by sys_clk_pin  {rise@0.000ns fall@41.660ns period=83.330ns})
  Path Group:             (none)
  Path Type:              Setup (Max at Slow Process Corner)
  Data Path Delay:        10.166ns  (logic 1.711ns (16.830%)  route 8.455ns (83.170%))
  Logic Levels:           3  (IBUF=1 LUT2=1 LUT3=1)
  Clock Path Skew:        4.810ns (DCD - SCD + CPR)
    Destination Clock Delay (DCD):    4.810ns
    Source Clock Delay      (SCD):    0.000ns
    Clock Pessimism Removal (CPR):    0.000ns
  Clock Uncertainty:      0.025ns  ((TSJ^2 + TIJ^2)^1/2 + DJ) / 2 + PE
    Total System Jitter     (TSJ):    0.050ns
    Total Input Jitter      (TIJ):    0.000ns
    Discrete Jitter          (DJ):    0.000ns
    Phase Error              (PE):    0.000ns

    Location             Delay type                Incr(ns)  Path(ns)    Netlist Resource(s)
  -------------------------------------------------------------------    -------------------
    A18                                               0.000     0.000 r  rst (IN)
                         net (fo=0)                   0.000     0.000    rst
    A18                  IBUF (Prop_ibuf_I_O)         1.463     1.463 r  rst_IBUF_inst/O
                         net (fo=4, routed)           4.403     5.866    U00_RST/rst_IBUF
    SLICE_X37Y34         LUT2 (Prop_lut2_I0_O)        0.124     5.990 r  U00_RST/buffer_data_saved_i_2/O
                         net (fo=405, routed)         2.781     8.771    U02_UART/UART/RECEIVER/PRES/rst_ext_pack
    SLICE_X34Y45         LUT3 (Prop_lut3_I0_O)        0.124     8.895 r  U02_UART/UART/RECEIVER/PRES/counter[0]_i_1__2/O
                         net (fo=32, routed)          1.271    10.166    U02_UART/UART/RECEIVER/PRES/counter[0]_i_1__2_n_0
    SLICE_X40Y40         FDRE                                         r  U02_UART/UART/RECEIVER/PRES/counter_reg[9]/R
  -------------------------------------------------------------------    -------------------

                         (clock sys_clk_pin rise edge)
                                                      0.000     0.000 r  
    L17                                               0.000     0.000 r  clk (IN)
                         net (fo=0)                   0.000     0.000    clk
    L17                  IBUF (Prop_ibuf_I_O)         1.406     1.406 r  clk_IBUF_inst/O
                         net (fo=1, routed)           1.868     3.274    clk_IBUF
    BUFGCTRL_X0Y1        BUFG (Prop_bufg_I_O)         0.091     3.365 r  clk_IBUF_BUFG_inst/O
                         net (fo=582, routed)         1.445     4.810    U02_UART/UART/RECEIVER/PRES/clk_IBUF_BUFG
    SLICE_X40Y40         FDRE                                         r  U02_UART/UART/RECEIVER/PRES/counter_reg[9]/C

Slack:                    inf
  Source:                 rst
                            (input port)
  Destination:            UART_HOST/RECEIVER/PRES/counter_reg[0]/S
                            (rising edge-triggered cell FDSE clocked by sys_clk_pin  {rise@0.000ns fall@41.660ns period=83.330ns})
  Path Group:             (none)
  Path Type:              Setup (Max at Slow Process Corner)
  Data Path Delay:        10.072ns  (logic 1.739ns (17.265%)  route 8.333ns (82.735%))
  Logic Levels:           3  (IBUF=1 LUT2=1 LUT3=1)
  Clock Path Skew:        4.808ns (DCD - SCD + CPR)
    Destination Clock Delay (DCD):    4.808ns
    Source Clock Delay      (SCD):    0.000ns
    Clock Pessimism Removal (CPR):    0.000ns
  Clock Uncertainty:      0.025ns  ((TSJ^2 + TIJ^2)^1/2 + DJ) / 2 + PE
    Total System Jitter     (TSJ):    0.050ns
    Total Input Jitter      (TIJ):    0.000ns
    Discrete Jitter          (DJ):    0.000ns
    Phase Error              (PE):    0.000ns

    Location             Delay type                Incr(ns)  Path(ns)    Netlist Resource(s)
  -------------------------------------------------------------------    -------------------
    A18                                               0.000     0.000 r  rst (IN)
                         net (fo=0)                   0.000     0.000    rst
    A18                  IBUF (Prop_ibuf_I_O)         1.463     1.463 r  rst_IBUF_inst/O
                         net (fo=4, routed)           4.403     5.866    U00_RST/rst_IBUF
    SLICE_X37Y34         LUT2 (Prop_lut2_I0_O)        0.124     5.990 r  U00_RST/buffer_data_saved_i_2/O
                         net (fo=405, routed)         2.781     8.771    UART_HOST/RECEIVER/PRES/rst_ext_pack
    SLICE_X34Y45         LUT3 (Prop_lut3_I0_O)        0.152     8.923 r  UART_HOST/RECEIVER/PRES/counter[0]_i_1__0/O
                         net (fo=32, routed)          1.149    10.072    UART_HOST/RECEIVER/PRES/counter[0]_i_1__0_n_0
    SLICE_X32Y40         FDSE                                         r  UART_HOST/RECEIVER/PRES/counter_reg[0]/S
  -------------------------------------------------------------------    -------------------

                         (clock sys_clk_pin rise edge)
                                                      0.000     0.000 r  
    L17                                               0.000     0.000 r  clk (IN)
                         net (fo=0)                   0.000     0.000    clk
    L17                  IBUF (Prop_ibuf_I_O)         1.406     1.406 r  clk_IBUF_inst/O
                         net (fo=1, routed)           1.868     3.274    clk_IBUF
    BUFGCTRL_X0Y1        BUFG (Prop_bufg_I_O)         0.091     3.365 r  clk_IBUF_BUFG_inst/O
                         net (fo=582, routed)         1.443     4.808    UART_HOST/RECEIVER/PRES/clk_IBUF_BUFG
    SLICE_X32Y40         FDSE                                         r  UART_HOST/RECEIVER/PRES/counter_reg[0]/C

Slack:                    inf
  Source:                 rst
                            (input port)
  Destination:            UART_HOST/RECEIVER/PRES/counter_reg[1]/R
                            (rising edge-triggered cell FDRE clocked by sys_clk_pin  {rise@0.000ns fall@41.660ns period=83.330ns})
  Path Group:             (none)
  Path Type:              Setup (Max at Slow Process Corner)
  Data Path Delay:        10.072ns  (logic 1.739ns (17.265%)  route 8.333ns (82.735%))
  Logic Levels:           3  (IBUF=1 LUT2=1 LUT3=1)
  Clock Path Skew:        4.808ns (DCD - SCD + CPR)
    Destination Clock Delay (DCD):    4.808ns
    Source Clock Delay      (SCD):    0.000ns
    Clock Pessimism Removal (CPR):    0.000ns
  Clock Uncertainty:      0.025ns  ((TSJ^2 + TIJ^2)^1/2 + DJ) / 2 + PE
    Total System Jitter     (TSJ):    0.050ns
    Total Input Jitter      (TIJ):    0.000ns
    Discrete Jitter          (DJ):    0.000ns
    Phase Error              (PE):    0.000ns

    Location             Delay type                Incr(ns)  Path(ns)    Netlist Resource(s)
  -------------------------------------------------------------------    -------------------
    A18                                               0.000     0.000 r  rst (IN)
                         net (fo=0)                   0.000     0.000    rst
    A18                  IBUF (Prop_ibuf_I_O)         1.463     1.463 r  rst_IBUF_inst/O
                         net (fo=4, routed)           4.403     5.866    U00_RST/rst_IBUF
    SLICE_X37Y34         LUT2 (Prop_lut2_I0_O)        0.124     5.990 r  U00_RST/buffer_data_saved_i_2/O
                         net (fo=405, routed)         2.781     8.771    UART_HOST/RECEIVER/PRES/rst_ext_pack
    SLICE_X34Y45         LUT3 (Prop_lut3_I0_O)        0.152     8.923 r  UART_HOST/RECEIVER/PRES/counter[0]_i_1__0/O
                         net (fo=32, routed)          1.149    10.072    UART_HOST/RECEIVER/PRES/counter[0]_i_1__0_n_0
    SLICE_X32Y40         FDRE                                         r  UART_HOST/RECEIVER/PRES/counter_reg[1]/R
  -------------------------------------------------------------------    -------------------

                         (clock sys_clk_pin rise edge)
                                                      0.000     0.000 r  
    L17                                               0.000     0.000 r  clk (IN)
                         net (fo=0)                   0.000     0.000    clk
    L17                  IBUF (Prop_ibuf_I_O)         1.406     1.406 r  clk_IBUF_inst/O
                         net (fo=1, routed)           1.868     3.274    clk_IBUF
    BUFGCTRL_X0Y1        BUFG (Prop_bufg_I_O)         0.091     3.365 r  clk_IBUF_BUFG_inst/O
                         net (fo=582, routed)         1.443     4.808    UART_HOST/RECEIVER/PRES/clk_IBUF_BUFG
    SLICE_X32Y40         FDRE                                         r  UART_HOST/RECEIVER/PRES/counter_reg[1]/C





Min Delay Paths
--------------------------------------------------------------------------------------
Slack:                    inf
  Source:                 U02_UART/UART/RECEIVER/DESER/parallel_out_reg[5]/C
                            (rising edge-triggered cell FDCE)
  Destination:            U02_UART/UART/RECEIVER/BRDESER/parallel_out_reg[5]/D
                            (rising edge-triggered cell FDRE clocked by sys_clk_pin  {rise@0.000ns fall@41.660ns period=83.330ns})
  Path Group:             (none)
  Path Type:              Hold (Min at Fast Process Corner)
  Data Path Delay:        0.246ns  (logic 0.128ns (51.967%)  route 0.118ns (48.033%))
  Logic Levels:           1  (FDCE=1)
  Clock Uncertainty:      0.025ns  ((TSJ^2 + TIJ^2)^1/2 + DJ) / 2 + PE
    Total System Jitter     (TSJ):    0.050ns
    Total Input Jitter      (TIJ):    0.000ns
    Discrete Jitter          (DJ):    0.000ns
    Phase Error              (PE):    0.000ns

    Location             Delay type                Incr(ns)  Path(ns)    Netlist Resource(s)
  -------------------------------------------------------------------    -------------------
    SLICE_X44Y34         FDCE                         0.000     0.000 r  U02_UART/UART/RECEIVER/DESER/parallel_out_reg[5]/C
    SLICE_X44Y34         FDCE (Prop_fdce_C_Q)         0.128     0.128 r  U02_UART/UART/RECEIVER/DESER/parallel_out_reg[5]/Q
                         net (fo=1, routed)           0.118     0.246    U02_UART/UART/RECEIVER/BRDESER/Q[5]
    SLICE_X45Y35         FDRE                                         r  U02_UART/UART/RECEIVER/BRDESER/parallel_out_reg[5]/D
  -------------------------------------------------------------------    -------------------

                         (clock sys_clk_pin rise edge)
                                                      0.000     0.000 r  
    L17                                               0.000     0.000 r  clk (IN)
                         net (fo=0)                   0.000     0.000    clk
    L17                  IBUF (Prop_ibuf_I_O)         0.432     0.432 r  clk_IBUF_inst/O
                         net (fo=1, routed)           0.689     1.120    clk_IBUF
    BUFGCTRL_X0Y1        BUFG (Prop_bufg_I_O)         0.029     1.149 r  clk_IBUF_BUFG_inst/O
                         net (fo=582, routed)         0.829     1.978    U02_UART/UART/RECEIVER/BRDESER/clk_IBUF_BUFG
    SLICE_X45Y35         FDRE                                         r  U02_UART/UART/RECEIVER/BRDESER/parallel_out_reg[5]/C

Slack:                    inf
  Source:                 U02_UART/UART/RECEIVER/DESER/parallel_out_reg[4]/C
                            (rising edge-triggered cell FDCE)
  Destination:            U02_UART/UART/RECEIVER/BRDESER/parallel_out_reg[4]/D
                            (rising edge-triggered cell FDRE clocked by sys_clk_pin  {rise@0.000ns fall@41.660ns period=83.330ns})
  Path Group:             (none)
  Path Type:              Hold (Min at Fast Process Corner)
  Data Path Delay:        0.255ns  (logic 0.141ns (55.331%)  route 0.114ns (44.669%))
  Logic Levels:           1  (FDCE=1)
  Clock Uncertainty:      0.025ns  ((TSJ^2 + TIJ^2)^1/2 + DJ) / 2 + PE
    Total System Jitter     (TSJ):    0.050ns
    Total Input Jitter      (TIJ):    0.000ns
    Discrete Jitter          (DJ):    0.000ns
    Phase Error              (PE):    0.000ns

    Location             Delay type                Incr(ns)  Path(ns)    Netlist Resource(s)
  -------------------------------------------------------------------    -------------------
    SLICE_X44Y34         FDCE                         0.000     0.000 r  U02_UART/UART/RECEIVER/DESER/parallel_out_reg[4]/C
    SLICE_X44Y34         FDCE (Prop_fdce_C_Q)         0.141     0.141 r  U02_UART/UART/RECEIVER/DESER/parallel_out_reg[4]/Q
                         net (fo=1, routed)           0.114     0.255    U02_UART/UART/RECEIVER/BRDESER/Q[4]
    SLICE_X45Y35         FDRE                                         r  U02_UART/UART/RECEIVER/BRDESER/parallel_out_reg[4]/D
  -------------------------------------------------------------------    -------------------

                         (clock sys_clk_pin rise edge)
                                                      0.000     0.000 r  
    L17                                               0.000     0.000 r  clk (IN)
                         net (fo=0)                   0.000     0.000    clk
    L17                  IBUF (Prop_ibuf_I_O)         0.432     0.432 r  clk_IBUF_inst/O
                         net (fo=1, routed)           0.689     1.120    clk_IBUF
    BUFGCTRL_X0Y1        BUFG (Prop_bufg_I_O)         0.029     1.149 r  clk_IBUF_BUFG_inst/O
                         net (fo=582, routed)         0.829     1.978    U02_UART/UART/RECEIVER/BRDESER/clk_IBUF_BUFG
    SLICE_X45Y35         FDRE                                         r  U02_UART/UART/RECEIVER/BRDESER/parallel_out_reg[4]/C

Slack:                    inf
  Source:                 U02_UART/UART/RECEIVER/DESER/parallel_out_reg[6]/C
                            (rising edge-triggered cell FDCE)
  Destination:            U02_UART/UART/RECEIVER/BRDESER/parallel_out_reg[6]/D
                            (rising edge-triggered cell FDRE clocked by sys_clk_pin  {rise@0.000ns fall@41.660ns period=83.330ns})
  Path Group:             (none)
  Path Type:              Hold (Min at Fast Process Corner)
  Data Path Delay:        0.258ns  (logic 0.141ns (54.595%)  route 0.117ns (45.405%))
  Logic Levels:           1  (FDCE=1)
  Clock Uncertainty:      0.025ns  ((TSJ^2 + TIJ^2)^1/2 + DJ) / 2 + PE
    Total System Jitter     (TSJ):    0.050ns
    Total Input Jitter      (TIJ):    0.000ns
    Discrete Jitter          (DJ):    0.000ns
    Phase Error              (PE):    0.000ns

    Location             Delay type                Incr(ns)  Path(ns)    Netlist Resource(s)
  -------------------------------------------------------------------    -------------------
    SLICE_X44Y33         FDCE                         0.000     0.000 r  U02_UART/UART/RECEIVER/DESER/parallel_out_reg[6]/C
    SLICE_X44Y33         FDCE (Prop_fdce_C_Q)         0.141     0.141 r  U02_UART/UART/RECEIVER/DESER/parallel_out_reg[6]/Q
                         net (fo=1, routed)           0.117     0.258    U02_UART/UART/RECEIVER/BRDESER/Q[6]
    SLICE_X43Y33         FDRE                                         r  U02_UART/UART/RECEIVER/BRDESER/parallel_out_reg[6]/D
  -------------------------------------------------------------------    -------------------

                         (clock sys_clk_pin rise edge)
                                                      0.000     0.000 r  
    L17                                               0.000     0.000 r  clk (IN)
                         net (fo=0)                   0.000     0.000    clk
    L17                  IBUF (Prop_ibuf_I_O)         0.432     0.432 r  clk_IBUF_inst/O
                         net (fo=1, routed)           0.689     1.120    clk_IBUF
    BUFGCTRL_X0Y1        BUFG (Prop_bufg_I_O)         0.029     1.149 r  clk_IBUF_BUFG_inst/O
                         net (fo=582, routed)         0.826     1.975    U02_UART/UART/RECEIVER/BRDESER/clk_IBUF_BUFG
    SLICE_X43Y33         FDRE                                         r  U02_UART/UART/RECEIVER/BRDESER/parallel_out_reg[6]/C

Slack:                    inf
  Source:                 U02_UART/UART/RECEIVER/DESER/parallel_out_reg[2]/C
                            (rising edge-triggered cell FDCE)
  Destination:            U02_UART/UART/RECEIVER/BRDESER/parallel_out_reg[2]/D
                            (rising edge-triggered cell FDRE clocked by sys_clk_pin  {rise@0.000ns fall@41.660ns period=83.330ns})
  Path Group:             (none)
  Path Type:              Hold (Min at Fast Process Corner)
  Data Path Delay:        0.260ns  (logic 0.141ns (54.228%)  route 0.119ns (45.773%))
  Logic Levels:           1  (FDCE=1)
  Clock Uncertainty:      0.025ns  ((TSJ^2 + TIJ^2)^1/2 + DJ) / 2 + PE
    Total System Jitter     (TSJ):    0.050ns
    Total Input Jitter      (TIJ):    0.000ns
    Discrete Jitter          (DJ):    0.000ns
    Phase Error              (PE):    0.000ns

    Location             Delay type                Incr(ns)  Path(ns)    Netlist Resource(s)
  -------------------------------------------------------------------    -------------------
    SLICE_X44Y34         FDCE                         0.000     0.000 r  U02_UART/UART/RECEIVER/DESER/parallel_out_reg[2]/C
    SLICE_X44Y34         FDCE (Prop_fdce_C_Q)         0.141     0.141 r  U02_UART/UART/RECEIVER/DESER/parallel_out_reg[2]/Q
                         net (fo=1, routed)           0.119     0.260    U02_UART/UART/RECEIVER/BRDESER/Q[2]
    SLICE_X43Y33         FDRE                                         r  U02_UART/UART/RECEIVER/BRDESER/parallel_out_reg[2]/D
  -------------------------------------------------------------------    -------------------

                         (clock sys_clk_pin rise edge)
                                                      0.000     0.000 r  
    L17                                               0.000     0.000 r  clk (IN)
                         net (fo=0)                   0.000     0.000    clk
    L17                  IBUF (Prop_ibuf_I_O)         0.432     0.432 r  clk_IBUF_inst/O
                         net (fo=1, routed)           0.689     1.120    clk_IBUF
    BUFGCTRL_X0Y1        BUFG (Prop_bufg_I_O)         0.029     1.149 r  clk_IBUF_BUFG_inst/O
                         net (fo=582, routed)         0.826     1.975    U02_UART/UART/RECEIVER/BRDESER/clk_IBUF_BUFG
    SLICE_X43Y33         FDRE                                         r  U02_UART/UART/RECEIVER/BRDESER/parallel_out_reg[2]/C

Slack:                    inf
  Source:                 UART_HOST/RECEIVER/DESER/parallel_out_reg[6]/C
                            (rising edge-triggered cell FDCE)
  Destination:            UART_HOST/RECEIVER/BRDESER/parallel_out_reg[6]/D
                            (rising edge-triggered cell FDRE clocked by sys_clk_pin  {rise@0.000ns fall@41.660ns period=83.330ns})
  Path Group:             (none)
  Path Type:              Hold (Min at Fast Process Corner)
  Data Path Delay:        0.260ns  (logic 0.141ns (54.208%)  route 0.119ns (45.792%))
  Logic Levels:           1  (FDCE=1)
  Clock Uncertainty:      0.025ns  ((TSJ^2 + TIJ^2)^1/2 + DJ) / 2 + PE
    Total System Jitter     (TSJ):    0.050ns
    Total Input Jitter      (TIJ):    0.000ns
    Discrete Jitter          (DJ):    0.000ns
    Phase Error              (PE):    0.000ns

    Location             Delay type                Incr(ns)  Path(ns)    Netlist Resource(s)
  -------------------------------------------------------------------    -------------------
    SLICE_X29Y35         FDCE                         0.000     0.000 r  UART_HOST/RECEIVER/DESER/parallel_out_reg[6]/C
    SLICE_X29Y35         FDCE (Prop_fdce_C_Q)         0.141     0.141 r  UART_HOST/RECEIVER/DESER/parallel_out_reg[6]/Q
                         net (fo=1, routed)           0.119     0.260    UART_HOST/RECEIVER/BRDESER/Q[6]
    SLICE_X28Y35         FDRE                                         r  UART_HOST/RECEIVER/BRDESER/parallel_out_reg[6]/D
  -------------------------------------------------------------------    -------------------

                         (clock sys_clk_pin rise edge)
                                                      0.000     0.000 r  
    L17                                               0.000     0.000 r  clk (IN)
                         net (fo=0)                   0.000     0.000    clk
    L17                  IBUF (Prop_ibuf_I_O)         0.432     0.432 r  clk_IBUF_inst/O
                         net (fo=1, routed)           0.689     1.120    clk_IBUF
    BUFGCTRL_X0Y1        BUFG (Prop_bufg_I_O)         0.029     1.149 r  clk_IBUF_BUFG_inst/O
                         net (fo=582, routed)         0.828     1.977    UART_HOST/RECEIVER/BRDESER/clk_IBUF_BUFG
    SLICE_X28Y35         FDRE                                         r  UART_HOST/RECEIVER/BRDESER/parallel_out_reg[6]/C

Slack:                    inf
  Source:                 UART_HOST/RECEIVER/DESER/parallel_out_reg[0]/C
                            (rising edge-triggered cell FDCE)
  Destination:            UART_HOST/RECEIVER/BRDESER/parallel_out_reg[0]/D
                            (rising edge-triggered cell FDRE clocked by sys_clk_pin  {rise@0.000ns fall@41.660ns period=83.330ns})
  Path Group:             (none)
  Path Type:              Hold (Min at Fast Process Corner)
  Data Path Delay:        0.263ns  (logic 0.141ns (53.607%)  route 0.122ns (46.393%))
  Logic Levels:           1  (FDCE=1)
  Clock Uncertainty:      0.025ns  ((TSJ^2 + TIJ^2)^1/2 + DJ) / 2 + PE
    Total System Jitter     (TSJ):    0.050ns
    Total Input Jitter      (TIJ):    0.000ns
    Discrete Jitter          (DJ):    0.000ns
    Phase Error              (PE):    0.000ns

    Location             Delay type                Incr(ns)  Path(ns)    Netlist Resource(s)
  -------------------------------------------------------------------    -------------------
    SLICE_X29Y35         FDCE                         0.000     0.000 r  UART_HOST/RECEIVER/DESER/parallel_out_reg[0]/C
    SLICE_X29Y35         FDCE (Prop_fdce_C_Q)         0.141     0.141 r  UART_HOST/RECEIVER/DESER/parallel_out_reg[0]/Q
                         net (fo=1, routed)           0.122     0.263    UART_HOST/RECEIVER/BRDESER/Q[0]
    SLICE_X28Y35         FDRE                                         r  UART_HOST/RECEIVER/BRDESER/parallel_out_reg[0]/D
  -------------------------------------------------------------------    -------------------

                         (clock sys_clk_pin rise edge)
                                                      0.000     0.000 r  
    L17                                               0.000     0.000 r  clk (IN)
                         net (fo=0)                   0.000     0.000    clk
    L17                  IBUF (Prop_ibuf_I_O)         0.432     0.432 r  clk_IBUF_inst/O
                         net (fo=1, routed)           0.689     1.120    clk_IBUF
    BUFGCTRL_X0Y1        BUFG (Prop_bufg_I_O)         0.029     1.149 r  clk_IBUF_BUFG_inst/O
                         net (fo=582, routed)         0.828     1.977    UART_HOST/RECEIVER/BRDESER/clk_IBUF_BUFG
    SLICE_X28Y35         FDRE                                         r  UART_HOST/RECEIVER/BRDESER/parallel_out_reg[0]/C

Slack:                    inf
  Source:                 UART_HOST/RECEIVER/DESER/parallel_out_reg[5]/C
                            (rising edge-triggered cell FDCE)
  Destination:            UART_HOST/RECEIVER/BRDESER/parallel_out_reg[5]/D
                            (rising edge-triggered cell FDRE clocked by sys_clk_pin  {rise@0.000ns fall@41.660ns period=83.330ns})
  Path Group:             (none)
  Path Type:              Hold (Min at Fast Process Corner)
  Data Path Delay:        0.300ns  (logic 0.128ns (42.719%)  route 0.172ns (57.281%))
  Logic Levels:           1  (FDCE=1)
  Clock Uncertainty:      0.025ns  ((TSJ^2 + TIJ^2)^1/2 + DJ) / 2 + PE
    Total System Jitter     (TSJ):    0.050ns
    Total Input Jitter      (TIJ):    0.000ns
    Discrete Jitter          (DJ):    0.000ns
    Phase Error              (PE):    0.000ns

    Location             Delay type                Incr(ns)  Path(ns)    Netlist Resource(s)
  -------------------------------------------------------------------    -------------------
    SLICE_X31Y33         FDCE                         0.000     0.000 r  UART_HOST/RECEIVER/DESER/parallel_out_reg[5]/C
    SLICE_X31Y33         FDCE (Prop_fdce_C_Q)         0.128     0.128 r  UART_HOST/RECEIVER/DESER/parallel_out_reg[5]/Q
                         net (fo=1, routed)           0.172     0.300    UART_HOST/RECEIVER/BRDESER/Q[5]
    SLICE_X31Y35         FDRE                                         r  UART_HOST/RECEIVER/BRDESER/parallel_out_reg[5]/D
  -------------------------------------------------------------------    -------------------

                         (clock sys_clk_pin rise edge)
                                                      0.000     0.000 r  
    L17                                               0.000     0.000 r  clk (IN)
                         net (fo=0)                   0.000     0.000    clk
    L17                  IBUF (Prop_ibuf_I_O)         0.432     0.432 r  clk_IBUF_inst/O
                         net (fo=1, routed)           0.689     1.120    clk_IBUF
    BUFGCTRL_X0Y1        BUFG (Prop_bufg_I_O)         0.029     1.149 r  clk_IBUF_BUFG_inst/O
                         net (fo=582, routed)         0.827     1.976    UART_HOST/RECEIVER/BRDESER/clk_IBUF_BUFG
    SLICE_X31Y35         FDRE                                         r  UART_HOST/RECEIVER/BRDESER/parallel_out_reg[5]/C

Slack:                    inf
  Source:                 U02_UART/UART/RECEIVER/DESER/parallel_out_reg[1]/C
                            (rising edge-triggered cell FDCE)
  Destination:            U02_UART/UART/RECEIVER/BRDESER/parallel_out_reg[1]/D
                            (rising edge-triggered cell FDRE clocked by sys_clk_pin  {rise@0.000ns fall@41.660ns period=83.330ns})
  Path Group:             (none)
  Path Type:              Hold (Min at Fast Process Corner)
  Data Path Delay:        0.301ns  (logic 0.128ns (42.572%)  route 0.173ns (57.428%))
  Logic Levels:           1  (FDCE=1)
  Clock Uncertainty:      0.025ns  ((TSJ^2 + TIJ^2)^1/2 + DJ) / 2 + PE
    Total System Jitter     (TSJ):    0.050ns
    Total Input Jitter      (TIJ):    0.000ns
    Discrete Jitter          (DJ):    0.000ns
    Phase Error              (PE):    0.000ns

    Location             Delay type                Incr(ns)  Path(ns)    Netlist Resource(s)
  -------------------------------------------------------------------    -------------------
    SLICE_X44Y33         FDCE                         0.000     0.000 r  U02_UART/UART/RECEIVER/DESER/parallel_out_reg[1]/C
    SLICE_X44Y33         FDCE (Prop_fdce_C_Q)         0.128     0.128 r  U02_UART/UART/RECEIVER/DESER/parallel_out_reg[1]/Q
                         net (fo=1, routed)           0.173     0.301    U02_UART/UART/RECEIVER/BRDESER/Q[1]
    SLICE_X43Y33         FDRE                                         r  U02_UART/UART/RECEIVER/BRDESER/parallel_out_reg[1]/D
  -------------------------------------------------------------------    -------------------

                         (clock sys_clk_pin rise edge)
                                                      0.000     0.000 r  
    L17                                               0.000     0.000 r  clk (IN)
                         net (fo=0)                   0.000     0.000    clk
    L17                  IBUF (Prop_ibuf_I_O)         0.432     0.432 r  clk_IBUF_inst/O
                         net (fo=1, routed)           0.689     1.120    clk_IBUF
    BUFGCTRL_X0Y1        BUFG (Prop_bufg_I_O)         0.029     1.149 r  clk_IBUF_BUFG_inst/O
                         net (fo=582, routed)         0.826     1.975    U02_UART/UART/RECEIVER/BRDESER/clk_IBUF_BUFG
    SLICE_X43Y33         FDRE                                         r  U02_UART/UART/RECEIVER/BRDESER/parallel_out_reg[1]/C

Slack:                    inf
  Source:                 U02_UART/UART/RECEIVER/DESER/parallel_out_reg[3]/C
                            (rising edge-triggered cell FDCE)
  Destination:            U02_UART/UART/RECEIVER/BRDESER/parallel_out_reg[3]/D
                            (rising edge-triggered cell FDRE clocked by sys_clk_pin  {rise@0.000ns fall@41.660ns period=83.330ns})
  Path Group:             (none)
  Path Type:              Hold (Min at Fast Process Corner)
  Data Path Delay:        0.302ns  (logic 0.128ns (42.400%)  route 0.174ns (57.600%))
  Logic Levels:           1  (FDCE=1)
  Clock Uncertainty:      0.025ns  ((TSJ^2 + TIJ^2)^1/2 + DJ) / 2 + PE
    Total System Jitter     (TSJ):    0.050ns
    Total Input Jitter      (TIJ):    0.000ns
    Discrete Jitter          (DJ):    0.000ns
    Phase Error              (PE):    0.000ns

    Location             Delay type                Incr(ns)  Path(ns)    Netlist Resource(s)
  -------------------------------------------------------------------    -------------------
    SLICE_X44Y34         FDCE                         0.000     0.000 r  U02_UART/UART/RECEIVER/DESER/parallel_out_reg[3]/C
    SLICE_X44Y34         FDCE (Prop_fdce_C_Q)         0.128     0.128 r  U02_UART/UART/RECEIVER/DESER/parallel_out_reg[3]/Q
                         net (fo=1, routed)           0.174     0.302    U02_UART/UART/RECEIVER/BRDESER/Q[3]
    SLICE_X45Y35         FDRE                                         r  U02_UART/UART/RECEIVER/BRDESER/parallel_out_reg[3]/D
  -------------------------------------------------------------------    -------------------

                         (clock sys_clk_pin rise edge)
                                                      0.000     0.000 r  
    L17                                               0.000     0.000 r  clk (IN)
                         net (fo=0)                   0.000     0.000    clk
    L17                  IBUF (Prop_ibuf_I_O)         0.432     0.432 r  clk_IBUF_inst/O
                         net (fo=1, routed)           0.689     1.120    clk_IBUF
    BUFGCTRL_X0Y1        BUFG (Prop_bufg_I_O)         0.029     1.149 r  clk_IBUF_BUFG_inst/O
                         net (fo=582, routed)         0.829     1.978    U02_UART/UART/RECEIVER/BRDESER/clk_IBUF_BUFG
    SLICE_X45Y35         FDRE                                         r  U02_UART/UART/RECEIVER/BRDESER/parallel_out_reg[3]/C

Slack:                    inf
  Source:                 UART_HOST/RECEIVER/DESER/parallel_out_reg[7]/C
                            (rising edge-triggered cell FDCE)
  Destination:            UART_HOST/RECEIVER/BRDESER/parallel_out_reg[7]/D
                            (rising edge-triggered cell FDRE clocked by sys_clk_pin  {rise@0.000ns fall@41.660ns period=83.330ns})
  Path Group:             (none)
  Path Type:              Hold (Min at Fast Process Corner)
  Data Path Delay:        0.302ns  (logic 0.128ns (42.323%)  route 0.174ns (57.677%))
  Logic Levels:           1  (FDCE=1)
  Clock Uncertainty:      0.025ns  ((TSJ^2 + TIJ^2)^1/2 + DJ) / 2 + PE
    Total System Jitter     (TSJ):    0.050ns
    Total Input Jitter      (TIJ):    0.000ns
    Discrete Jitter          (DJ):    0.000ns
    Phase Error              (PE):    0.000ns

    Location             Delay type                Incr(ns)  Path(ns)    Netlist Resource(s)
  -------------------------------------------------------------------    -------------------
    SLICE_X29Y35         FDCE                         0.000     0.000 r  UART_HOST/RECEIVER/DESER/parallel_out_reg[7]/C
    SLICE_X29Y35         FDCE (Prop_fdce_C_Q)         0.128     0.128 r  UART_HOST/RECEIVER/DESER/parallel_out_reg[7]/Q
                         net (fo=1, routed)           0.174     0.302    UART_HOST/RECEIVER/BRDESER/Q[7]
    SLICE_X31Y35         FDRE                                         r  UART_HOST/RECEIVER/BRDESER/parallel_out_reg[7]/D
  -------------------------------------------------------------------    -------------------

                         (clock sys_clk_pin rise edge)
                                                      0.000     0.000 r  
    L17                                               0.000     0.000 r  clk (IN)
                         net (fo=0)                   0.000     0.000    clk
    L17                  IBUF (Prop_ibuf_I_O)         0.432     0.432 r  clk_IBUF_inst/O
                         net (fo=1, routed)           0.689     1.120    clk_IBUF
    BUFGCTRL_X0Y1        BUFG (Prop_bufg_I_O)         0.029     1.149 r  clk_IBUF_BUFG_inst/O
                         net (fo=582, routed)         0.827     1.976    UART_HOST/RECEIVER/BRDESER/clk_IBUF_BUFG
    SLICE_X31Y35         FDRE                                         r  UART_HOST/RECEIVER/BRDESER/parallel_out_reg[7]/C





